,case_id,HHID,property_use_type,who_owns_property_in_household,who_owns_property_in_household_2,who_outside_household_owns_property,who_outside_household_owns_property_2,who_owns_property_in_household_3,who_owns_property_in_household_4,anyone_else_outside_household_owns_property,type_of_ownership_document,other_type_of_ownership_document,able_to_provide_ownership_document,amount_owner_could_receive_if_sold,amount_owner_could_receive_in_rent,rent_time_unit,user_pays_land_rent,total_amount_paid_in_land_rent_during_last,have_to_pay_property_taxes,total_amount_paid_in_property_taxes_during_last,amount_paid_to_rent_property,rent_time_unit_2,age_of_dwelling,type_of_construction_materials,outer_walls_material,other_outer_walls_material,type_of_roof,other_type_of_roof,type_of_floor,other_type_of_floor,num_rooms_occupied,lighting_fuel_source,other_lighting_fuel_source,cooking_fuel_source,other_cooking_fuel_source,ever_use_firewood_for_fuel,ever_collect_firewood,where_collect_firewood,other_where_collect_firewood,time_taken_to_walk_from_dwelling_to_where_collect_firewood,time_unit_for_walking_to_collect_firewood,of_firewood_used_how_much_collected,total_value_of_firewood_used_in_past_week,hh_f19,in_event_of_blackout_source_of_light,other_in_event_of_blackout_source_of_light,in_event_of_blackout_source_of_cooking_fuel,other_in_event_of_blackout_source_of_cooking_fuel,electricity_via_escom,weeks_to_wait_until_connection_worked,unofficial_fee_paid_for_connection,frequency_of_blackouts_in_last_year,amount_paid_for_electricity,escom_is_responsive,satisfied_with_escom,cost_of_electricity_time,cost_of_electricity_time_unit,does_village_have_electricity,main_reason_not_having_electricity,other_main_reason_not_having_electricity,amount_of_time_waited_for_electricity,time_unit_for_waiting_for_electricity,is_there_a_mtl_telephone_in_unit,total_cost_for_mtl_telephone_service_over_last_period,amount_of_time_telephone_cost_paid_for,time_unit_for_telephone_cost_paid_for,num_working_cell_phones_in_household,total_cost_for_cell_phone_service_over_last_period,hh_f35_1,hh_f35_2,hh_f35_3,hh_f36,drinking_water_source,hh_f36_1oth,hh_f36_oth,hh_f37,hh_f38_1a,hh_f38_1b,hh_f38a,hh_f38b,hh_f39,hh_f40,hh_f40_1,hh_f40_2,hh_f40_3,hh_f40_4,hh_f40_2_oth,type_of_toilet,hh_f41_oth,hh_f41_1,hh_f41_2,hh_f41_2oth,hh_f41_3,hh_f41_4,hh_f41_5,hh_f41_6,hh_f41b,hh_f42_1,hh_f43,hh_f43_oth,hh_f44,hh_f45,hh_f47,hh_f48,hh_f49,hh_f50,hh_f51a,hh_f51b,hh_f51c,hh_f52,hh_f53,hh_f54,hh_f55a,hh_f55b,hh_f55c,ea_id,region,district,reside,interviewDate,hh_wgt,hh_a02a,hh_a03,hh_a06,hh_a11,hh_a13,hh_a22,hh_a23,hh_g09,hh_m00,hh_o0a,hh_s01,hh_w01,hhsize,survey_year,survey_month,rent_per_month,log_rent,predicted_rent,residuals,outliers
1885,107362180147,79300966d8654b65b63ec058a4b3b504,RENTED,,,,,,,,,,,,,,NO,,NO,,200000.0,MONTH,999,PERMANENT,BURNT BRICKS,,IRON SHEETS,,SMOOTH CEMENT,,4,ELECTRICITY,,GAS,,NO,,,,,,,,YES,SOLAR,,GAS,,YES,9999.0,NO,Several times a week,50000.0,AGREE,SATISFIED,1.0,MONTH,,,,,,NO,,,,4,80000.0,0.0,30000.0,50000.0,PIPED INTO DWELLING,PIPED INTO DWELLING,,,70000.0,1.0,MINUTE,99,,ALL YEAR AROUND,,YES,OBSERVED FIXED FACILITY OBSERVED (SINK/TAP) IN DWELLING,Water is available,"YES, PRESENT",,Flush to septic tank,,No,,,In own  dwelling,NO,,,,YES WITH SOAP,RUBBISH PIT,,YES,YES,,YES,2.0,NO,,,,NO,,NO,,,,10736218,North,Mzuzu City,URBAN,2020-02-23,103.825837801,10736,218,0147,NO,,15,42,NO,Yes,NO,NO,NO,9.0,2020,2,200000.0,12.206072645530174,54636.679553286616,145363.3204467134,True
1977,107382240155,0523bef9948b4451ada8036536ee536d,RENTED,,,,,,,,,,,,,,NO,,NO,,209000.0,MONTH,5,PERMANENT,BURNT BRICKS,,IRON SHEETS,,TILE,,4,ELECTRICITY,,ELECTRICITY,,NO,,,,,,,,YES,TORCH,,GAS,,YES,9999.0,NO,Several times a week,40000.0,AGREE,SATISFIED,1.0,MONTH,,,,,,NO,,,,2,90000.0,0.0,30000.0,60000.0,PIPED INTO DWELLING,PIPED INTO DWELLING,,,36000.0,2.0,MINUTE,99,,ALL YEAR AROUND,,YES,OBSERVED FIXED FACILITY OBSERVED (SINK/TAP) IN DWELLING,Water is available,"YES, PRESENT",,Flush to septic tank,,No,,,In own  dwelling,NO,,,,YES WITH SOAP,RUBBISH PIT,,YES,NO,,YES,1.0,NO,,,,NO,,NO,,,,10738224,North,Mzuzu City,URBAN,2020-01-15,108.112327519,10738,224,0155,NO,,15,53,NO,Yes,NO,NO,NO,5.0,2020,1,209000.0,12.250089530946948,101729.87659387264,107270.12340612736,True
5589,210334510097,79f89a4410c54ef2b7065fac1a5c968b,RENTED,,,,,,,,,,,,,,NO,,NO,,300000.0,MONTH,999,PERMANENT,BURNT BRICKS,,IRON SHEETS,,TILE,,3,ELECTRICITY,,GAS,,NO,,,,,,,,YES,TORCH,,GAS,,YES,9999.0,NO,Several times a week,5000.0,AGREE,NEITHER SATISFIED NOR DISSATISFIED,1.0,MONTH,,,,,,NO,,,,2,50000.0,0.0,20000.0,30000.0,PIPED INTO DWELLING,PIPED INTO DWELLING,,,12000.0,1.0,MINUTE,99,,ALL YEAR AROUND,,YES,OBSERVED FIXED FACILITY OBSERVED (SINK/TAP) IN DWELLING,Water is available,"YES, PRESENT",,Flush to septic tank,,No,,,In own  dwelling,NO,,,,YES WITH SOAP,RUBBISH PIT,,YES,NO,,YES,1.0,NO,,,,NO,,NO,,,,21033451,Central,Lilongwe City,URBAN,2019-10-05,536.3043745,21033,451,0097,YES,Dwelling found but no household member could be found,18,7,NO,No,NO,NO,NO,1.0,2019,10,300000.0,12.611537753638338,114505.13298031926,185494.86701968074,True
5592,210334510124,64273540f7f5472aaeb52dcba27bfa41,RENTED,,,,,,,,,,,,,,NO,,NO,,300000.0,MONTH,999,PERMANENT,BURNT BRICKS,,IRON SHEETS,,SMOOTH CEMENT,,2,ELECTRICITY,,ELECTRICITY,,NO,,,,,,,,YES,OTHER (SPECIFY),INVETOR,GAS,,YES,9999.0,NO,Several times a month,35000.0,STRONGLY DISAGREE,DISSATISFIED,3.0,WEEK,,,,,,NO,,,,3,135000.0,0.0,35000.0,100000.0,PIPED INTO DWELLING,PIPED INTO YARD/PLOT,,,68000.0,2.0,MINUTE,99,,ALL YEAR AROUND,,YES,OBSERVED FIXED FACILITY OBSERVED (SINK/TAP) IN DWELLING,Water is available,"YES, PRESENT",,Flush to septic tank,,Yes,Removed by service provider To don’t know where,,In own  dwelling,NO,,,,YES WITH SOAP,COLLECTED FROM RUBBISH BIN,,YES,NO,,YES,1.0,YES,2.0,3.0,,NO,,NO,,,,21033451,Central,Lilongwe City,URBAN,2019-09-17,536.3043745,21033,451,0124,NO,,18,89,NO,Yes,NO,NO,NO,3.0,2019,9,300000.0,12.611537753638338,34875.52495026288,265124.47504973714,True
5757,210554610172,c350d110da6a4a16976bc60fb1aefe07,RENTED,,,,,,,,,,,,,,NO,,NO,,250000.0,MONTH,3,PERMANENT,BURNT BRICKS,,CLAY TILES,,TILE,,4,ELECTRICITY,,ELECTRICITY,,NO,,,,,,,,YES,TORCH,,CHARCOAL,,YES,9999.0,NO,Several times a week,16000.0,NEUTRAL,NEITHER SATISFIED NOR DISSATISFIED,1.0,MONTH,,,,,,NO,,,,2,15000.0,0.0,5000.0,10000.0,PIPED INTO DWELLING,PIPED INTO DWELLING,,,6000.0,0.0,MINUTE,99,,ALL YEAR AROUND,,YES,OBSERVED FIXED FACILITY OBSERVED (SINK/TAP) IN DWELLING,Water is available,"YES, PRESENT",,Flush to pit latrine,,No,,,In own  dwelling,NO,,,,YES WITH SOAP,COLLECTED FROM RUBBISH BIN,,YES,YES,"YES, FOR ALL CHILDREN UNDER FIVE",YES,2.0,YES,1.0,2.0,,YES,2.0,YES,1.0,2.0,,21055461,Central,Lilongwe City,URBAN,2019-07-08,272.4416946128,21055,461,0172,NO,,11,49,YES,Yes,NO,NO,NO,8.0,2019,7,250000.0,12.429216196844383,95242.93545174805,154757.06454825195,True
5821,210664650329,176f2bc7ae1b43289de22f62ad9baef9,RENTED,,,,,,,,,,,,,,NO,,NO,,12000.0,DAY,999,SEMI-PERMANENT,MUD BRICK(UNFIRED),,IRON SHEETS,,SMOOTH CEMENT,,2,BATTERY/DRY CELL(TORCH),,CHARCOAL,,NO,,,,,,,,NO,,,,,,,,,,,,,,YES,CONNECTION/WIRING FEE UNAFFORDABLE,,,,NO,,,,1,2900.0,400.0,0.0,2500.0,COMMUNAL STANDPIPE,COMMUNAL STANDPIPE,,,9000.0,5.0,MINUTE,5,MINUTE,ALL YEAR AROUND,,NO,,,,,Pit latrine without slab /Open pit,,No,,,In own yard  / plot,YES,shared with known households (not public),Number of households (if less than 10),Yes,NO,RUBBISH PIT,,YES,YES,"YES, FOR ALL CHILDREN UNDER FIVE",NO,,NO,,,,NO,,NO,,,,21066465,Central,Lilongwe City,URBAN,2019-06-18,427.77160369259997,21066,465,0329,NO,,18,90,NO,No,NO,YES,NO,5.0,2019,6,365280.0,12.808419461763622,7708.299930082514,357571.7000699175,True
5600,210334510265,54e09d98f7bf4f45bd2e660d8bf2091a,OWNED,1.0,,,,,,NO,"YES, A TITLE DEED",,NO,400000000.0,2000000.0,MONTH,NO,,YES,71000.0,,,24,PERMANENT,BURNT BRICKS,,IRON SHEETS,,SMOOTH CEMENT,,8,ELECTRICITY,,ELECTRICITY,,NO,,,,,,,,YES,OTHER (SPECIFY),GENERATOR,OTHER (SPECIFY),ELECTRICITY,YES,2.0,NO,Never,300000.0,STRONGLY AGREE,VERY SATISFIED,1.0,MONTH,,,,,,YES,25000.0,1.0,MONTH,1,200000.0,0.0,50000.0,150000.0,PIPED INTO DWELLING,PIPED INTO DWELLING,,,200000.0,1.0,MINUTE,99,,ALL YEAR AROUND,,YES,OBSERVED FIXED FACILITY OBSERVED (SINK/TAP) IN DWELLING,Water is available,"YES, PRESENT",,Flush to septic tank,,Yes,Removed by service provider To don’t know where,,In own  dwelling,NO,,,,YES WITH SOAP,COLLECTED FROM RUBBISH BIN,,YES,YES,,YES,1.0,YES,1.0,,,YES,1.0,YES,1.0,,,21033451,Central,Lilongwe City,URBAN,2019-09-10,536.3043745,21033,451,0265,NO,,18,90,NO,No,YES,NO,NO,1.0,2019,9,2000000.0,,62938.680396513824,1937061.3196034862,True
5426,209084410006,8dbc0a2fbcb448c08150825edce3f4aa,OWNED,1.0,,,,,,NO,NO,,NO,2500000.0,35000.0,DAY,NO,,NO,,,,8,PERMANENT,BURNT BRICKS,,IRON SHEETS,,SMOOTH CEMENT,,3,ELECTRICITY,,COLLECTED FIREWOOD,,,,UNFARMED AREAS OF COMMUNITY,,,,,3000.0,YES,TORCH,,FIREWOOD,,YES,192.0,YES,Several times a month,1500.0,NEUTRAL,NEITHER SATISFIED NOR DISSATISFIED,3.0,WEEK,,,,,,NO,,,,2,0.0,0.0,0.0,4000.0,BOREHOLE,BOREHOLE,,,0.0,30.0,MINUTE,10,MINUTE,ALL YEAR AROUND,,NO,,,,,Pit latrine with slab,,No,,,In own yard  / plot,NO,,,Yes,YES WITH NO SOAP,RUBBISH PIT,,NO,,,NO,,NO,,,,NO,,NO,,,,20908441,Central,Ntcheu,RURAL,2020-03-29,814.1726498508001,20908,441,0006,NO,,13,61,NO,Yes,YES,NO,NO,4.0,2020,3,1065400.0,,9642.026175647145,1055757.973824353,True
11182,315348010059,9bb74dd004764163bbe7d6c2c6280a63,OWNED,1.0,,,,,,NO,"YES, LETTER FROM CHIEF",,YES,6000000.0,1000000.0,MONTH,NO,,NO,,,,40,PERMANENT,MUD BRICK(UNFIRED),,IRON SHEETS,,TILE,,3,ELECTRICITY,,CHARCOAL,,YES,NO,,,,,,5000.0,YES,TORCH,,CHARCOAL,,YES,0.0,NO,Every day,2000.0,STRONGLY AGREE,SATISFIED,2.0,DAY,,,,,,NO,,,,2,4000.0,0.0,1680.0,2320.0,PIPED INTO DWELLING,PIPED INTO DWELLING,,,8000.0,0.0,HOUR,5,MINUTE,ALL YEAR AROUND,,YES,OBSERVED FIXED FACILITY OBSERVED (SINK/TAP) IN DWELLING,Water is available,"YES, PRESENT",,Flush to septic tank,,No,,,In own  dwelling,NO,,,,YES WITH SOAP,RUBBISH PIT,,YES,NO,,YES,3.0,NO,,,,YES,3.0,NO,,,,31534801,Southern,Blantyre City,URBAN,2019-05-04,415.0860508322,31534,801,0059,NO,,17,84,YES,No,NO,NO,NO,2.0,2019,5,1000000.0,,62938.680396513824,937061.3196034862,True
467,102021290044,7d7599f7412b4fc6908f82feb79d5ae7,OWNED,1.0,2.0,,,,,NO,NO,,NO,1400000.0,30000.0,DAY,NO,,NO,,,,4,PERMANENT,BURNT BRICKS,,IRON SHEETS,,SMOOTH CEMENT,,5,OTHER(SPECIFY),SOLAR,COLLECTED FIREWOOD,,,,OTHER (SPECIFY),HILLS / MOUNTAINS,,,,1000.0,NO,,,,,,,,,,,,,,NO,,,,,NO,,,,2,4000.0,0.0,0.0,4000.0,BOREHOLE,BOREHOLE,,,0.0,10.0,MINUTE,10,MINUTE,ALL YEAR AROUND,,NO,,,,,Pit latrine without slab /Open pit,,No,,,In own yard  / plot,NO,,,Yes,NO,RUBBISH PIT,,YES,YES,,YES,1.0,NO,,,,NO,,NO,,,,10202129,North,Karonga,RURAL,2020-02-21,177.8313311397,10202,129,0044,NO,,14,70,YES,Yes,YES,NO,NO,7.0,2020,2,913200.0,,5016.071296462824,908183.9287035372,True
10784,314317760133,679a586d7b1749b3aedf065c052d3411,OWNED,3.0,4.0,,,5.0,,NO,"YES, LETTER FROM CHIEF",,NO,5000000.0,25000.0,DAY,NO,,NO,,,,7,PERMANENT,BURNT BRICKS,,IRON SHEETS,,SMOOTH CEMENT,,3,ELECTRICITY,,CHARCOAL,,YES,YES,UNFARMED AREAS OF COMMUNITY,,5.0,MINUTE,NONE,200.0,YES,TORCH,,OTHER (SPECIFY),,YES,96.0,NO,Every day,500.0,DISAGREE,NEITHER SATISFIED NOR DISSATISFIED,3.0,DAY,,,,,,NO,,,,1,500.0,0.0,0.0,500.0,PIPED INTO YARD/PLOT,PIPED INTO YARD/PLOT,,,3000.0,0.0,MINUTE,99,,ALL YEAR AROUND,,NO,,,,,Pit latrine with slab,,No,,,In own yard  / plot,YES,shared with known households (not public),Number of households (if less than 10),Yes,NO,OTHER(SPECIFY),DEPOSITED IN GULLY,YES,YES,"YES, FOR ALL CHILDREN UNDER FIVE",NO,,NO,,,,NO,,NO,,,,31431776,Southern,Zomba City,URBAN,2019-05-27,77.77211903999999,31431,776,0133,NO,,7,71,NO,Yes,NO,NO,NO,5.0,2019,5,761000.0,,13943.460557117343,747056.5394428826,True
672,102051420010,a692b23e9ff14318aad974c8fff18ca9,OWNED,1.0,,1.0,4.0,,,YES,NO,,NO,1000000.0,25000.0,DAY,NO,,NO,,,,10,PERMANENT,BURNT BRICKS,,IRON SHEETS,,SMOOTH CEMENT,,6,ELECTRICITY,,PURCHASED FIREWOOD,,,NO,,,,,,800.0,YES,TORCH,,FIREWOOD,,YES,50.0,NO,Never,4000.0,AGREE,SATISFIED,1.0,MONTH,,,,,,NO,,,,2,2200.0,0.0,1200.0,1000.0,BOREHOLE,BOREHOLE,,,0.0,3.0,MINUTE,5,MINUTE,ALL YEAR AROUND,,NO,,,,,Pit latrine with slab,,No,,,In own yard  / plot,NO,,,Yes,YES WITH SOAP,RUBBISH PIT,,YES,NO,,YES,1.0,NO,,,,YES,1.0,NO,,,,10205142,North,Karonga,RURAL,2019-05-03,255.99640059630002,10205,142,0010,NO,,14,64,YES,Yes,NO,NO,NO,4.0,2019,5,761000.0,,9966.690186257903,751033.3098137421,True
10986,314387880239,76cb55e4a1e84c87bda7a40506b27719,OWNED,1.0,2.0,,,,,NO,NO,,NO,2500000.0,20000.0,DAY,NO,,NO,,,,5,PERMANENT,BURNT BRICKS,,IRON SHEETS,,SMOOTH CEMENT,,3,ELECTRICITY,,CHARCOAL,,NO,,,,,,,,YES,SOLAR,,CHARCOAL,,YES,9999.0,NO,Several times a month,8000.0,DISAGREE,DISSATISFIED,1.0,MONTH,,,,,,NO,,,,1,0.0,0.0,1000.0,3000.0,PIPED TO NEIGHBOR,PIPED TO NEIGHBOR,,,3000.0,5.0,MINUTE,99,,ALL YEAR AROUND,,NO,,,,,Composting toilet,,No,,,In own yard  / plot,YES,shared with known households (not public),Number of households (if less than 10),,NO,RUBBISH PIT,,YES,NO,,NO,,NO,,,,NO,,NO,,,,31438788,Southern,Zomba City,URBAN,2019-08-08,85.949992485,31438,788,0239,YES,Dwelling found but no household member could be found,7,87,YES,Yes,YES,NO,NO,5.0,2019,8,608800.0,,14713.958057970605,594086.0419420294,True
5208,208084270163,a8365adffc5d486ca89321629cc9e05d,OWNED,2.0,,,,,,NO,NO,,NO,1500000.0,20000.0,DAY,NO,,NO,,,,16,PERMANENT,BURNT BRICKS,,IRON SHEETS,,SMOOTH CEMENT,,5,BATTERY/DRY CELL(TORCH),,PURCHASED FIREWOOD,,,NO,,,,,,3000.0,NO,,,,,,,,,,,,,,NO,,,,,NO,,,,3,30000.0,0.0,0.0,30000.0,BOREHOLE,BOREHOLE,,,0.0,40.0,MINUTE,5,MINUTE,ONLY RAINY SEASON,BOREHOLE,NO,,,,,Pit latrine with slab,,No,,,In own yard  / plot,NO,,,Yes,NO,RUBBISH PIT,,NO,,,YES,2.0,YES,3.0,,,NO,,NO,,,,20808427,Central,Dedza,RURAL,2019-08-04,1113.928112308,20808,427,0163,NO,,13,61,NO,Yes,YES,YES,NO,7.0,2019,8,608800.0,,8484.474370143476,600315.5256298565,True
5388,209054380120,296589c0c6ca469ab3304f6e0266df02,OWNED,1.0,,,,,,NO,NO,,NO,100000.0,20000.0,DAY,NO,,NO,,,,1,SEMI-PERMANENT,BURNT BRICKS,,GRASS,,SMOOTHED MUD,,3,BATTERY/DRY CELL(TORCH),,COLLECTED FIREWOOD,,,,OWN WOODLOT,,,,,1500.0,NO,,,,,,,,,,,,,,NO,,,,,NO,,,,1,0.0,0.0,0.0,0.0,COMMUNAL STANDPIPE,COMMUNAL STANDPIPE,,,200.0,5.0,MINUTE,5,MINUTE,ALL YEAR AROUND,,NO,,,,,Pit latrine with slab,,No,,,In own yard  / plot,NO,,,Yes,NO,RUBBISH PIT,,NO,,,YES,1.0,NO,,,,NO,,NO,,,,20905438,Central,Ntcheu,RURAL,2019-07-08,726.6342458448,20905,438,0120,NO,,13,61,NO,Yes,YES,YES,NO,4.0,2019,7,608800.0,,3275.642682599276,605524.3573174007,True
10280,312057440072,d6ada76051224959aba8ba74bd7642fd,OWNED,1.0,,,,,,NO,NO,,NO,300000.0,20000.0,DAY,NO,,NO,,,,4,PERMANENT,BURNT BRICKS,,IRON SHEETS,,SMOOTHED MUD,,3,BATTERY/DRY CELL(TORCH),,COLLECTED FIREWOOD,,,,OWN WOODLOT,,,,,2000.0,NO,,,,,,,,,,,,,,NO,,,,,NO,,,,0,,,,,BOREHOLE,BOREHOLE,,,500.0,1.0,HOUR,5,MINUTE,ALL YEAR AROUND,,NO,,,,,Pit latrine with slab,,No,,,In own yard  / plot,NO,,,Yes,YES WITH SOAP,RUBBISH PIT,,YES,NO,,YES,1.0,NO,,,,NO,,NO,,,,31205744,Southern,Balaka,RURAL,2020-04-05,98.44574247540001,31205,744,0072,NO,,13,61,NO,Yes,YES,YES,YES,4.0,2020,4,608800.0,,5024.188291436657,603775.8117085634,True
11004,314387900001,40259b9821414cceb4fe8f0ea17fb896,OWNED,1.0,,,,,,NO,"YES, LETTER FROM CHIEF",,NO,1500000.0,20000.0,DAY,NO,,NO,,,,8,PERMANENT,BURNT BRICKS,,IRON SHEETS,,SMOOTH CEMENT,,4,ELECTRICITY,,ELECTRICITY,,YES,NO,,,,,,0.0,YES,CANDLES,,CHARCOAL,,YES,4.0,NO,Never,2000.0,STRONGLY AGREE,VERY SATISFIED,2.0,DAY,,,,,,NO,,,,2,4000.0,0.0,2000.0,2000.0,PIPED INTO YARD/PLOT,PIPED INTO YARD/PLOT,,,10000.0,0.0,MINUTE,99,,ALL YEAR AROUND,,NO,,,,,Pit latrine with slab,,Yes,Removed by service provider To don’t know where,,In own yard  / plot,NO,,,Yes,NO,COLLECTED FROM RUBBISH BIN,,YES,ALL NETS TREATED &amp; LESS THAN 6 MONTHS OLD,,NO,,YES,1.0,,,NO,,YES,1.0,,,31438790,Southern,Zomba City,URBAN,2019-04-30,70.1748297075,31438,790,0001,NO,,7,71,NO,Yes,NO,NO,NO,5.0,2019,4,608800.0,,16114.97066173404,592685.029338266,True
4649,207033920098,656ba8f8fe8f4a459e659996427d4675,"FREE, AUTHORIZED",,,,,,,,,,,,600000.0,MONTH,NO,,NO,,,,9,TRADITIONAL,BURNT BRICKS,,GRASS,,SMOOTHED MUD,,3,BATTERY/DRY CELL(TORCH),,COLLECTED FIREWOOD,,,,FOREST RESERVE,,,,,1200.0,NO,,,,,,,,,,,,,,NO,,,,,NO,,,,0,,,,,COMMUNAL STANDPIPE,COMMUNAL STANDPIPE,,,1500.0,1.0,MINUTE,99,,ALL YEAR AROUND,,NO,,,,,Pit latrine without slab /Open pit,,No,,,In own yard  / plot,NO,,,Yes,NO,RUBBISH PIT,,YES,NO,,NO,,NO,,,,NO,,NO,,,,20703392,Central,Mchinji,RURAL,2019-11-14,316.44468112500005,20703,392,0098,NO,,11,49,YES,Yes,NO,YES,NO,4.0,2019,11,600000.0,,3587.374363143835,596412.6256368562,True
821,103011510007,c861e4c527854fe781697cffd7b41c0a,OWNED,1.0,,,,,,NO,NO,,NO,1000000.0,500000.0,MONTH,NO,,NO,,,,1,TRADITIONAL,MUD BRICK(UNFIRED),,IRON SHEETS,,SMOOTHED MUD,,1,BATTERY/DRY CELL(TORCH),,COLLECTED FIREWOOD,,,,UNFARMED AREAS OF COMMUNITY,,,,,2000.0,NO,,,,,,,,,,,,,,NO,,,,,NO,,,,1,3000.0,0.0,0.0,3000.0,RIVER/STREAM,RIVER/STREAM,,,0.0,5.0,MINUTE,5,MINUTE,ALL YEAR AROUND,,YES,NOT OBSERVED NO HAND WASHING PLACE IN DWELLING/ YARD,,,,Pit latrine without slab /Open pit,,No,,,In own yard  / plot,NO,,,No,YES WITH NO SOAP,RUBBISH PIT,,NO,,,NO,,NO,,,,NO,,NO,,,,10301151,North,Nkhatabay,RURAL,2020-01-07,25.8072382035,10301,151,0007,NO,,15,42,YES,Yes,NO,NO,NO,1.0,2020,1,500000.0,,2982.3655669386353,497017.63443306135,True
2763,202052730208,d5c799afc1e34deab87bd0bcb206c45f,OWNED,1.0,,,,,,NO,NO,,NO,1500000.0,500000.0,MONTH,NO,,NO,,,,8,SEMI-PERMANENT,MUD (YOMATA),,GRASS,,SMOOTHED MUD,,2,BATTERY/DRY CELL(TORCH),,COLLECTED FIREWOOD,,,,UNFARMED AREAS OF COMMUNITY,,,,,5000.0,NO,,,,,,,,,,,,,,NO,,,,,NO,,,,0,,,,,BOREHOLE,BOREHOLE,,,0.0,5.0,MINUTE,1,HOUR,ALL YEAR AROUND,,NO,,,,,No facility / Bush / Field,,,,,,,,,,,PUBLIC RUBBISH HEAP,,NO,,,NO,,NO,,,,NO,,NO,,,,20205273,Central,Nkhotakota,RURAL,2020-03-20,324.2606172492,20205,273,0208,NO,,8,24,YES,Yes,NO,NO,NO,7.0,2020,3,500000.0,,2741.443749521038,497258.55625047896,True
8217,306036150217,244b2b395d924e3ab0143cfb0a28466f,OWNED,1.0,2.0,,,,,NO,NO,,NO,300000.0,15000.0,DAY,NO,,NO,,,,6,PERMANENT,COMPACTED EARTH(YAMDINDO),,IRON SHEETS,,SMOOTHED MUD,,4,BATTERY/DRY CELL(TORCH),,COLLECTED FIREWOOD,,,,UNFARMED AREAS OF COMMUNITY,,,,,0.0,NO,,,,,,,,,,,,,,NO,,,,,NO,,,,0,,,,,BOREHOLE,BOREHOLE,,,0.0,0.0,MINUTE,30,MINUTE,ALL YEAR AROUND,,NO,,,,,Other (specify),MODIFIED FLASH TOILET,,,,In own yard  / plot,NO,,,,YES WITH SOAP,RUBBISH PIT,,YES,NO,,NO,,NO,,,,NO,,NO,,,,30603615,Southern,Mwanza,RURAL,2019-11-08,89.6479199817,30603,615,0217,NO,,7,71,YES,Yes,YES,NO,NO,5.0,2019,11,456600.0,,1716.8525289769873,454883.147471023,True
1171,104011730070,6c3aa7fb36c04073988ce3beeec5b30b,OWNED,1.0,2.0,,,3.0,4.0,NO,NO,,NO,100000.0,15000.0,DAY,NO,,NO,,,,7,PERMANENT,BURNT BRICKS,,IRON SHEETS,,SMOOTHED MUD,,5,BATTERY/DRY CELL(TORCH),,COLLECTED FIREWOOD,,,,UNFARMED AREAS OF COMMUNITY,,,,,1000.0,NO,,,,,,,,,,,,,,NO,,,,,NO,,,,1,2000.0,1200.0,0.0,800.0,BOREHOLE,BOREHOLE,,,0.0,15.0,MINUTE,15,MINUTE,ALL YEAR AROUND,,NO,,,,,Pit latrine without slab /Open pit,,No,,,In own yard  / plot,NO,,,Yes,NO,RUBBISH PIT,,YES,NO,"YES, FOR ALL CHILDREN UNDER FIVE",NO,,NO,,,,NO,,NO,,,,10401173,North,Rumphi,RURAL,2019-04-23,155.6964114685,10401,173,0070,NO,,4,25,NO,Yes,NO,NO,YES,13.0,2019,4,456600.0,,3866.8859445309795,452733.114055469,True
5340,209044350235,db6feb880abc497eabc39ef6584ad9b4,OWNED,2.0,,,,,,NO,NO,,NO,800000.0,15000.0,DAY,NO,,NO,,,,5,PERMANENT,BURNT BRICKS,,IRON SHEETS,,SMOOTHED MUD,,3,BATTERY/DRY CELL(TORCH),,CHARCOAL,,YES,YES,FOREST RESERVE,,20.0,MINUTE,NONE,0.0,NO,,,,,,,,,,,,,,NO,,,,,NO,,,,2,21000.0,1600.0,0.0,2000.0,BOREHOLE,BOREHOLE,,,2000.0,5.0,MINUTE,5,MINUTE,ALL YEAR AROUND,,NO,,,,,Pit latrine with slab,,No,,,In own yard  / plot,YES,shared with known households (not public),Number of households (if less than 10),No,NO,NONE,,YES,NO,,YES,1.0,YES,2.0,,,NO,,NO,,,,20904435,Central,Ntcheu,RURAL,2019-05-01,381.4378273656,20904,435,0235,NO,,13,12,YES,Yes,NO,NO,NO,6.0,2019,5,456600.0,,3758.753395825737,452841.24660417426,True
8801,308046520044,280841738ccb4a76bac57cb31b867a45,"FREE, AUTHORIZED",,,,,,,,,,,,12000.0,DAY,NO,,NO,,,,3,SEMI-PERMANENT,BURNT BRICKS,,IRON SHEETS,,SMOOTH CEMENT,,3,BATTERY/DRY CELL(TORCH),,COLLECTED FIREWOOD,,,,OWN WOODLOT,,,,,5000.0,NO,,,,,,,,,,,,,,NO,,,,,NO,,,,0,,,,,BOREHOLE,RIVER/STREAM,,,0.0,30.0,MINUTE,15,MINUTE,ALL YEAR AROUND,,NO,,,,,Pit latrine without slab /Open pit,,No,,,In own  dwelling,YES,shared with known households (not public),Number of households (if less than 10),Yes,YES WITH SOAP,RUBBISH PIT,,YES,YES,,NO,,NO,,,,NO,,NO,,,,30804652,Southern,Mulanje,RURAL,2019-07-02,518.7080423085,30804,652,0044,NO,,9,32,NO,Yes,NO,NO,NO,1.0,2019,7,365280.0,,4390.00159673508,360889.9984032649,True
1983,107382240235,2413f106ef5543cdbda2a4e7a9597a25,OWNED,1.0,2.0,,,,,NO,"YES, OFFER OF LEASE",,NO,35000.0,350000.0,MONTH,NO,,NO,,,,4,PERMANENT,CONCRETE,,IRON SHEETS,,SMOOTH CEMENT,,5,ELECTRICITY,,ELECTRICITY,,NO,,,,,,,,YES,SOLAR,,CHARCOAL,,YES,2.0,YES,Several times a week,3000.0,STRONGLY AGREE,NEITHER SATISFIED NOR DISSATISFIED,5.0,DAY,,,,,,NO,,,,4,350000.0,0.0,20000.0,10000.0,PIPED INTO YARD/PLOT,PIPED INTO YARD/PLOT,,,7000.0,99.0,,99,,ALL YEAR AROUND,,YES,OBSERVED FIXED FACILITY OBSERVED (SINK/TAP) IN DWELLING,Water is available,"YES, PRESENT",,Flush to septic tank,,No,,,In own  dwelling,NO,,,,YES WITH SOAP,RUBBISH PIT,,YES,YES,,YES,1.0,YES,1.0,,,YES,1.0,YES,1.0,,,10738224,North,Mzuzu City,URBAN,2020-01-15,108.112327519,10738,224,0235,NO,,15,81,NO,Yes,YES,NO,YES,3.0,2020,1,350000.0,,45357.595249126585,304642.4047508734,True
1800,107312130140,b6a35e28fb5d4635a2c258c38967f818,OWNED,1.0,,,,,,NO,"YES, LETTER FROM CHIEF",,NO,1500000.0,325000.0,MONTH,NO,,NO,,,,999,PERMANENT,BURNT BRICKS,,IRON SHEETS,,SMOOTH CEMENT,,3,ELECTRICITY,,CHARCOAL,,NO,,,,,,,,YES,CANDLES,,CHARCOAL,,YES,9999.0,NO,Several times a week,2000.0,NEUTRAL,SATISFIED,1.0,MONTH,,,,,,NO,,,,2,1000.0,0.0,600.0,400.0,PIPED INTO YARD/PLOT,PIPED INTO YARD/PLOT,,,6000.0,4.0,MINUTE,99,,ALL YEAR AROUND,,YES,OBSERVED FIXED FACILITY OBSERVED (SINK/TAP) IN YARD,Water is available,"NO, NOT PRESENT",,Pit latrine with slab,,No,,,In own yard  / plot,NO,,,Yes,NO,RUBBISH PIT,,YES,ALL NETS TREATED &amp; LESS THAN 6 MONTHS OLD,"YES, FOR ALL CHILDREN UNDER FIVE",NO,,NO,,,,NO,,NO,,,,10731213,North,Mzuzu City,URBAN,2019-09-02,147.85615705700002,10731,213,0140,NO,,15,40,NO,Yes,NO,YES,NO,3.0,2019,9,325000.0,,18530.280088144704,306469.7199118553,True
6918,303025340082,8268901a680440c89ec2c8ffcbb2092b,OWNED,1.0,3.0,,,,,NO,NO,,NO,150000.0,10000.0,DAY,NO,,NO,,,,0,PERMANENT,BURNT BRICKS,,IRON SHEETS,,SMOOTH CEMENT,,2,BATTERY/DRY CELL(TORCH),,COLLECTED FIREWOOD,,,,UNFARMED AREAS OF COMMUNITY,,,,,5000.0,NO,,,,,,,,,,,,,,YES,CONNECTION/WIRING FEE UNAFFORDABLE,,,,NO,,,,1,2000.0,1600.0,0.0,400.0,COMMUNAL STANDPIPE,COMMUNAL STANDPIPE,,,1000.0,0.0,MINUTE,0,MINUTE,ALL YEAR AROUND,,YES,MOBILE OBJECT OBSERVED (BUCKET/JUG/KETTLE),Water is available,"YES, PRESENT",,Pit latrine with slab,,No,,,In own yard  / plot,NO,,,Yes,NO,RUBBISH PIT,,YES,NO,"YES, FOR ALL CHILDREN UNDER FIVE",NO,,NO,,,,NO,,NO,,,,30302534,Southern,Zomba Non-City,RURAL,2019-12-09,379.59266000159994,30302,534,0082,NO,,7,71,YES,Yes,YES,NO,YES,5.0,2019,12,304400.0,,8235.821675105273,296164.17832489475,True
2245,201062410053,8bf5dbdc88a542dbb9a84fa848e3311e,EMPLOYER PROVIDES,,,,,,,,,,,,10000.0,DAY,NO,,NO,,,,999,PERMANENT,BURNT BRICKS,,IRON SHEETS,,SMOOTHED MUD,,4,BATTERY/DRY CELL(TORCH),,COLLECTED FIREWOOD,,,,UNFARMED AREAS OF COMMUNITY,,,,,1500.0,NO,,,,,,,,,,,,,,NO,,,,,NO,,,,2,6000.0,0.0,0.0,6000.0,BOREHOLE,BOREHOLE,,,0.0,5.0,MINUTE,5,MINUTE,ALL YEAR AROUND,,NO,,,,,Pit latrine without slab /Open pit,,No,,,In own yard  / plot,NO,,,Yes,NO,NONE,,YES,YES,"YES, FOR ALL CHILDREN UNDER FIVE",YES,1.0,YES,1.0,2.0,,YES,1.0,YES,2.0,,,20106241,Central,Kasungu,RURAL,2019-08-21,513.8099712242,20106,241,0053,NO,,3,51,NO,Yes,YES,NO,NO,5.0,2019,8,304400.0,,2817.4180112863337,301582.58198871365,True
2092,107412310161,b56b0ee55148485e812847bf4fbdd0a1,OWNED,1.0,2.0,,,,,NO,NO,,NO,8000000.0,300000.0,MONTH,NO,,NO,,,,19,PERMANENT,BURNT BRICKS,,IRON SHEETS,,SMOOTH CEMENT,,7,ELECTRICITY,,ELECTRICITY,,YES,NO,,,,,,1000.0,YES,TORCH,,FIREWOOD,,YES,32.0,NO,Several times a week,10000.0,DISAGREE,DISSATISFIED,1.0,WEEK,,,,,,NO,,,,10,60000.0,0.0,20000.0,40000.0,PIPED INTO DWELLING,PIPED INTO DWELLING,,,25000.0,0.0,MINUTE,99,,ALL YEAR AROUND,,YES,OBSERVED FIXED FACILITY OBSERVED (SINK/TAP) IN DWELLING,Water is available,"YES, PRESENT",,Flush to septic tank,,Yes,"Emptied by household To uncovered pit, open ground,water body or elsewhere",,In own  dwelling,NO,,,,YES WITH SOAP,RUBBISH PIT,,NO,,,YES,2.0,YES,2.0,,,YES,2.0,NO,,,,10741231,North,Mzuzu City,URBAN,2019-04-26,171.507384398,10741,231,0161,YES,Dwelling found but appears unoccupied,15,40,YES,Yes,YES,NO,NO,11.0,2019,4,300000.0,,62938.680396513824,237061.31960348616,True
7851,305065920096,22570f36f8944e5f9c64e2679e518665,BEING PURCHASED,1.0,,,,,,NO,"YES, A TITLE DEED",,YES,40000000.0,300000.0,MONTH,NO,,NO,,,,999,PERMANENT,CONCRETE,,IRON SHEETS,,TILE,,10,ELECTRICITY,,ELECTRICITY,,NO,,,,,,,,YES,OTHER (SPECIFY),GENERATOR,OTHER (SPECIFY),GENERATOR,YES,9999.0,NO,Several times a week,60000.0,NEUTRAL,DISSATISFIED,1.0,MONTH,,,,,,NO,,,,4,10000.0,0.0,5000.0,5000.0,PIPED INTO DWELLING,PIPED INTO DWELLING,,,30000.0,5.0,MINUTE,99,,ALL YEAR AROUND,,YES,OBSERVED FIXED FACILITY OBSERVED (SINK/TAP) IN DWELLING,Water is available,"YES, PRESENT",,Flush to piped sewer system,,,,,In own  dwelling,NO,,,,YES WITH SOAP,COLLECTED FROM RUBBISH BIN,,YES,NO,,YES,1.0,YES,2.0,3.0,,NO,,NO,,,,30506592,Southern,Blantyre,RURAL,2020-02-26,314.66181002599996,30506,592,0096,NO,,17,37,NO,Yes,YES,NO,NO,3.0,2020,2,300000.0,,62938.680396513824,237061.31960348616,True
10423,312217530209,79ed0917fb724346a97035f13e7217a5,OWNED,1.0,2.0,,,,,NO,"YES, A TITLE DEED",,YES,20000000.0,300000.0,MONTH,NO,,NO,,,,3,PERMANENT,CONCRETE,,IRON SHEETS,,TILE,,4,ELECTRICITY,,CHARCOAL,,YES,NO,,,,,,3000.0,YES,CANDLES,,CHARCOAL,,YES,4.0,YES,Several times a week,10000.0,AGREE,SATISFIED,1.0,MONTH,,,,,,NO,,,,3,2500.0,0.0,15000.0,10000.0,PIPED INTO YARD/PLOT,PIPED INTO YARD/PLOT,,,5000.0,5.0,MINUTE,99,,ALL YEAR AROUND,,NO,,,,,Flush to pit latrine,,No,,,In own  dwelling,NO,,,,YES WITH SOAP,RUBBISH PIT,,NO,,,YES,1.0,NO,,,,NO,,NO,,,,31221753,Southern,Balaka,URBAN,2020-01-22,302.43084873180004,31221,753,0209,NO,,5,96,NO,Yes,NO,NO,NO,9.0,2020,1,300000.0,,62938.680396513824,237061.31960348616,True
2115,107442330087,772ca631d5f642f498f4f4970868f658,OWNED,1.0,2.0,,,,,NO,"YES, A TITLE DEED",,YES,900000000.0,300000.0,MONTH,YES,200000.0,YES,85000.0,,,999,PERMANENT,BURNT BRICKS,,IRON SHEETS,,TILE,,3,ELECTRICITY,,ELECTRICITY,,NO,,,,,,,,YES,SOLAR,,GAS,,YES,9999.0,NO,Several times a week,20000.0,STRONGLY DISAGREE,VERY DISSATISFIED,1.0,MONTH,,,,,,NO,,,,4,178000.0,0.0,130000.0,48000.0,PIPED INTO DWELLING,PIPED INTO DWELLING,,,100000.0,2.0,MINUTE,99,,ALL YEAR AROUND,,YES,OBSERVED FIXED FACILITY OBSERVED (SINK/TAP) IN DWELLING,Water is available,"YES, PRESENT",,Flush to septic tank,,Yes,Removed by service provider To don’t know where,,In own  dwelling,NO,,,,YES WITH SOAP,OTHER(SPECIFY),DISPOSABLES,YES,NO,,YES,2.0,NO,,,,NO,,NO,,,,10744233,North,Mzuzu City,URBAN,2019-10-07,154.68646834900002,10744,233,0087,YES,Dwelling found but appears unoccupied,15,53,YES,Yes,YES,NO,NO,3.0,2019,10,300000.0,,62938.680396513824,237061.31960348616,True
2093,107412310169,592e34fd7fc743479ad03eb54016ba00,OWNED,2.0,,,,,,NO,"YES, A TITLE DEED",,YES,100000000.0,300000.0,MONTH,YES,12000.0,YES,4000.0,,,30,PERMANENT,BURNT BRICKS,,IRON SHEETS,,TILE,,4,ELECTRICITY,,GAS,,NO,,,,,,,,YES,SOLAR,,CHARCOAL,,YES,8.0,NO,Never,30000.0,DISAGREE,DISSATISFIED,1.0,MONTH,,,,,,NO,,,,5,85000.0,0.0,20000.0,30000.0,PIPED INTO DWELLING,PIPED INTO DWELLING,,,23000.0,5.0,MINUTE,99,,ALL YEAR AROUND,,YES,OBSERVED FIXED FACILITY OBSERVED (SINK/TAP) IN DWELLING,Water is available,"YES, PRESENT",,Flush to septic tank,,No,,,In own  dwelling,NO,,,,YES WITH SOAP,RUBBISH PIT,,NO,,,YES,1.0,NO,,,,YES,1.0,NO,,,,10741231,North,Mzuzu City,URBAN,2019-04-26,171.507384398,10741,231,0169,NO,,15,21,NO,Yes,YES,NO,NO,3.0,2019,4,300000.0,,62938.680396513824,237061.31960348616,True
1787,106012120152,aa136f9bff0e4b0f97b0689ac633ee3c,OWNED,2.0,,,,,,NO,"YES, OFFER OF LEASE",,NO,10000000.0,300000.0,MONTH,NO,,NO,,,,8,PERMANENT,CONCRETE,,IRON SHEETS,,SMOOTH CEMENT,,5,ELECTRICITY,,CHARCOAL,,YES,YES,COMMUNITY WOODLOT,,1.0,HOUR,HALF,2000.0,YES,TORCH,,CHARCOAL,,YES,24.0,NO,Every day,6000.0,AGREE,SATISFIED,1.0,MONTH,,,,,,NO,,,,5,25000.0,0.0,0.0,5000.0,PIPED INTO YARD/PLOT,PIPED INTO YARD/PLOT,,,6700.0,2.0,MINUTE,5,MINUTE,ALL YEAR AROUND,,YES,MOBILE OBJECT OBSERVED (BUCKET/JUG/KETTLE),Water is available,"NO, NOT PRESENT",,Pit latrine without slab /Open pit,,No,,,In own yard  / plot,NO,,,Yes,NO,RUBBISH PIT,,YES,NO,,YES,2.0,YES,2.0,,,YES,2.0,YES,2.0,,,10601212,North,Likoma,RURAL,2020-02-13,79.0508434068,10601,212,0152,NO,,8,44,NO,Yes,YES,YES,NO,9.0,2020,2,300000.0,,11374.273211158352,288625.72678884165,True
2075,107402300165,760acd52665046abb9e7771106f5326d,OWNED,1.0,,,,,,NO,NO,,NO,25000000.0,300000.0,MONTH,NO,,NO,,,,999,PERMANENT,CONCRETE,,IRON SHEETS,,TILE,,4,ELECTRICITY,,COLLECTED FIREWOOD,,,,OWN WOODLOT,,,,,1000.0,NO,,,,,,,,,,,,,,NO,,,,,NO,,,,4,200000.0,0.0,12000.0,6000.0,BOREHOLE,BOREHOLE,,,0.0,5.0,MINUTE,5,MINUTE,ALL YEAR AROUND,,NO,,,,,Pit latrine without slab /Open pit,,No,,,In own yard  / plot,NO,,,No,NO,PUBLIC RUBBISH HEAP,,YES,YES,,YES,1.0,YES,1.0,,,YES,1.0,YES,1.0,,,10740230,North,Mzuzu City,URBAN,2020-02-28,112.756802564,10740,230,0165,NO,,15,81,NO,Yes,YES,YES,NO,2.0,2020,2,300000.0,,23653.15897828472,276346.84102171526,True
2090,107412310154,218b7543e60840fba0e8db33516826eb,OWNED,1.0,,,,,,NO,"YES, A TITLE DEED",,NO,150000000.0,250000.0,MONTH,NO,,NO,,,,9,PERMANENT,BURNT BRICKS,,IRON SHEETS,,TILE,,4,ELECTRICITY,,CHARCOAL,,YES,NO,,,,,,1000.0,YES,TORCH,,FIREWOOD,,YES,8.0,NO,Several times a week,4000.0,AGREE,SATISFIED,1.0,WEEK,,,,,,NO,,,,5,10000.0,0.0,3000.0,13000.0,PIPED INTO DWELLING,PIPED INTO DWELLING,,,22300.0,3.0,MINUTE,99,,ALL YEAR AROUND,,YES,OBSERVED FIXED FACILITY OBSERVED (SINK/TAP) IN DWELLING,Water is available,"NO, NOT PRESENT",,Flush to septic tank,,No,,,In own  dwelling,NO,,,,YES WITH NO SOAP,RUBBISH PIT,,YES,NO,,YES,1.0,YES,2.0,,,YES,1.0,NO,,,,10741231,North,Mzuzu City,URBAN,2019-04-22,171.507384398,10741,231,0154,NO,,15,21,YES,Yes,YES,NO,NO,5.0,2019,4,250000.0,,62938.680396513824,187061.31960348616,True
3932,205203470144,82ffce9ccd784e07aed7b62d25259fac,OWNED,1.0,2.0,,,,,NO,NO,,NO,1000000.0,250000.0,MONTH,YES,30000.0,NO,,,,7,PERMANENT,BURNT BRICKS,,IRON SHEETS,,SMOOTH CEMENT,,3,ELECTRICITY,,CHARCOAL,,YES,NO,,,,,,1500.0,YES,SOLAR,,CHARCOAL,,YES,36.0,NO,Several times a week,15000.0,AGREE,NEITHER SATISFIED NOR DISSATISFIED,3.0,WEEK,,,,,,NO,,,,5,60000.0,0.0,15000.0,45000.0,PIPED INTO DWELLING,PIPED INTO DWELLING,,,6000.0,1.0,MINUTE,99,,ALL YEAR AROUND,,YES,NO PERMISSION TO SEE,,,,Flush to septic tank,,No,,,In own  dwelling,NO,,,,YES WITH SOAP,RUBBISH PIT,,YES,NO,,YES,1.0,NO,,,,NO,,NO,,,,20520347,Central,Salima,URBAN,2019-07-14,309.7949148462,20520,347,0144,NO,,12,67,YES,Yes,YES,NO,NO,5.0,2019,7,250000.0,,45606.27627662165,204393.72372337835,True
2126,107442330217,03ea501b6b354466aa8a9ad1d042af87,OWNED,1.0,,,,,,NO,"YES, A TITLE DEED",,NO,200000000.0,250000.0,MONTH,NO,,NO,,,,12,PERMANENT,BURNT BRICKS,,IRON SHEETS,,TILE,,8,ELECTRICITY,,GAS,,NO,,,,,,,,YES,OTHER (SPECIFY),,GAS,,YES,8.0,NO,Several times a month,9999.0,AGREE,VERY DISSATISFIED,,,,,,,,NO,,,,2,10000.0,0.0,4500.0,6500.0,BOREHOLE,BOREHOLE,,,0.0,2.0,MINUTE,1,MINUTE,ALL YEAR AROUND,,NO,,,,,Flush to septic tank,,No,,,In own  dwelling,NO,,,,YES WITH NO SOAP,RUBBISH PIT,,NO,,,YES,1.0,NO,,,,NO,,NO,,,,10744233,North,Mzuzu City,URBAN,2019-10-05,154.68646834900002,10744,233,0217,NO,,15,21,YES,Yes,YES,NO,NO,1.0,2019,10,250000.0,,62938.680396513824,187061.31960348616,True
1884,107362180145,93f7f6bdd86842e393580b9f09cb0848,EMPLOYER PROVIDES,,,,,,,,,,,,250000.0,MONTH,NO,,NO,,,,999,PERMANENT,BURNT BRICKS,,IRON SHEETS,,TILE,,4,ELECTRICITY,,ELECTRICITY,,NO,,,,,,,,YES,SOLAR,,CHARCOAL,,YES,9999.0,NO,Several times a week,25000.0,STRONGLY AGREE,VERY DISSATISFIED,1.0,MONTH,,,,,,NO,,,,2,500000.0,0.0,40000.0,50000.0,PIPED INTO DWELLING,PIPED INTO DWELLING,,,20000.0,0.0,MINUTE,99,,ALL YEAR AROUND,,YES,OBSERVED FIXED FACILITY OBSERVED (SINK/TAP) IN DWELLING,Water is available,"YES, PRESENT",,Flush to piped sewer system,,,,,In own  dwelling,NO,,,,YES WITH SOAP,RUBBISH PIT,,NO,,,NO,,NO,,,,NO,,NO,,,,10736218,North,Mzuzu City,URBAN,2020-02-21,103.825837801,10736,218,0145,NO,,15,81,NO,Yes,YES,NO,YES,1.0,2020,2,250000.0,,62938.680396513824,187061.31960348616,True
5594,210334510158,91e6c415252b4d5aa53403c93ecbc7d4,OWNED,1.0,,,,,,NO,"YES, A TITLE DEED",,NO,50000000.0,250000.0,MONTH,NO,,YES,360000.0,,,20,PERMANENT,CONCRETE,,IRON SHEETS,,SMOOTH CEMENT,,3,ELECTRICITY,,ELECTRICITY,,NO,,,,,,,,YES,CANDLES,,CHARCOAL,,YES,24.0,NO,Several times a month,1500.0,NEUTRAL,SATISFIED,1.0,DAY,,,,,,NO,,,,7,0.0,0.0,50000.0,100000.0,PIPED INTO DWELLING,PIPED INTO DWELLING,,,12000.0,1.0,MINUTE,99,,ALL YEAR AROUND,,YES,OBSERVED FIXED FACILITY OBSERVED (SINK/TAP) IN YARD,Water is available,"YES, PRESENT",,Flush to septic tank,,Yes,Removed by service provider to a treatment plant,,In own  dwelling,NO,,,,YES WITH SOAP,COLLECTED FROM RUBBISH BIN,,YES,NO,,YES,1.0,YES,1.0,2.0,,YES,1.0,YES,1.0,2.0,,21033451,Central,Lilongwe City,URBAN,2019-09-10,536.3043745,21033,451,0158,NO,,18,45,YES,Yes,NO,NO,NO,9.0,2019,9,250000.0,,61192.56213980536,188807.43786019465,True
7398,304045640067,63b4bc21c7cf4cb6a4f43cf88657480c,OWNED,1.0,,,,,,NO,NO,,NO,350000.0,8000.0,DAY,NO,,NO,,,,5,PERMANENT,BURNT BRICKS,,IRON SHEETS,,SMOOTH CEMENT,,4,BATTERY/DRY CELL(TORCH),,COLLECTED FIREWOOD,,,,UNFARMED AREAS OF COMMUNITY,,,,,1000.0,NO,,,,,,,,,,,,,,NO,,,,,NO,,,,3,2000.0,1000.0,0.0,2000.0,BOREHOLE,BOREHOLE,,,0.0,7.0,MINUTE,99,,ALL YEAR AROUND,,NO,,,,,Pit latrine without slab /Open pit,,No,,,In own yard  / plot,NO,,,No,YES WITH SOAP,RUBBISH PIT,,YES,NO,"YES, FOR ALL CHILDREN UNDER FIVE",NO,,NO,,,,NO,,NO,,,,30404564,Southern,Chiradzulu,RURAL,2019-09-15,247.23955775700003,30404,564,0067,NO,,10,9,NO,Yes,NO,YES,NO,6.0,2019,9,243520.0,,6461.465316699842,237058.53468330015,True
1390,104101870058,d939d11b200c45fb81acb2fc92473cd5,OWNED,2.0,,,,,,NO,NO,,NO,900000.0,200000.0,MONTH,NO,,NO,,,,6,PERMANENT,BURNT BRICKS,,IRON SHEETS,,SMOOTH CEMENT,,3,BATTERY/DRY CELL(TORCH),,PURCHASED FIREWOOD,,,NO,,,,,,2000.0,NO,,,,,,,,,,,,,,YES,APPLICATION PENDING,,2.0,Year,NO,,,,1,5000.0,3000.0,0.0,2000.0,PIPED INTO YARD/PLOT,PIPED INTO YARD/PLOT,,,0.0,5.0,MINUTE,99,,ALL YEAR AROUND,,YES,MOBILE OBJECT OBSERVED (BUCKET/JUG/KETTLE),Water is available,"NO, NOT PRESENT",,Pit latrine without slab /Open pit,,No,,,In own yard  / plot,NO,,,Yes,NO,RUBBISH PIT,,YES,NO,,YES,2.0,NO,,,,NO,,NO,,,,10410187,North,Rumphi,RURAL,2019-09-27,106.4528953789,10410,187,0058,NO,,4,42,NO,Yes,YES,NO,NO,5.0,2019,9,200000.0,,6227.404051762923,193772.59594823708,True
2028,107402270329,043d6ea5fc97482fa451f144b5e90c02,OWNED,1.0,,,,,,NO,NO,,NO,2000000.0,200000.0,MONTH,NO,,NO,,,,12,PERMANENT,BURNT BRICKS,,IRON SHEETS,,SMOOTH CEMENT,,2,ELECTRICITY,,CHARCOAL,,YES,NO,,,,,,2000.0,YES,CANDLES,,CHARCOAL,,YES,12.0,NO,Several times a week,6000.0,STRONGLY DISAGREE,VERY DISSATISFIED,1.0,MONTH,,,,,,NO,,,,1,3400.0,0.0,0.0,3400.0,PIPED INTO YARD/PLOT,PIPED INTO YARD/PLOT,,,3000.0,99.0,,99,,ALL YEAR AROUND,,YES,OBSERVED FIXED FACILITY OBSERVED (SINK/TAP) IN YARD,Water is available,"NO, NOT PRESENT",,Pit latrine with slab,,No,,,In own yard  / plot,YES,shared with known households (not public),Number of households (if less than 10),Yes,NO,COLLECTED FROM RUBBISH BIN,,YES,NO,"YES, FOR ALL CHILDREN UNDER FIVE",YES,1.0,YES,1.0,,,YES,1.0,YES,1.0,,,10740227,North,Mzuzu City,URBAN,2019-06-04,126.94634207500002,10740,227,0329,NO,,4,25,NO,Yes,NO,NO,YES,5.0,2019,6,200000.0,,14840.99807292465,185159.00192707535,True
7322,304025590331,0cd47fdc6aa348e898e89e031a335949,OWNED,2.0,,,,,,NO,NO,,NO,500000.0,200000.0,MONTH,NO,,NO,,,,1,SEMI-PERMANENT,BURNT BRICKS,,IRON SHEETS,,SMOOTHED MUD,,4,BATTERY/DRY CELL(TORCH),,COLLECTED FIREWOOD,,,,UNFARMED AREAS OF COMMUNITY,,,,,6000.0,NO,,,,,,,,,,,,,,NO,,,,,NO,,,,1,4500.0,2800.0,0.0,1700.0,BOREHOLE,BOREHOLE,,,0.0,10.0,MINUTE,10,MINUTE,ALL YEAR AROUND,,NO,,,,,Pit latrine with slab,,No,,,In own  dwelling,NO,,,Yes,NO,RUBBISH PIT,,YES,NO,"YES, FOR ALL CHILDREN UNDER FIVE",NO,,NO,,,,YES,1.0,NO,,,,30402559,Southern,Chiradzulu,RURAL,2019-04-30,278.26885641060005,30402,559,0331,NO,,10,37,NO,Yes,NO,NO,NO,7.0,2019,4,200000.0,,5325.7656523451205,194674.23434765488,True
4421,206153780116,b1d41bb217ad4aee882adb1f378c7851,OWNED,1.0,2.0,,,,,NO,NO,,NO,2000000.0,200000.0,MONTH,NO,,NO,,,,15,PERMANENT,BURNT BRICKS,,IRON SHEETS,,SMOOTH CEMENT,,6,ELECTRICITY,,PURCHASED FIREWOOD,,,NO,,,,,,1000.0,YES,CANDLES,,CHARCOAL,,YES,8.0,NO,Several times a month,5000.0,NEUTRAL,SATISFIED,1.0,MONTH,,,,,,NO,,,,3,10000.0,0.0,0.0,10000.0,BOREHOLE,BOREHOLE,,,200.0,5.0,MINUTE,5,MINUTE,ALL YEAR AROUND,,NO,,,,,Pit latrine with slab,,No,,,In own yard  / plot,NO,,,Yes,NO,RUBBISH PIT,,YES,ALL NETS TREATED &amp; LESS THAN 6 MONTHS OLD,"YES, FOR ALL CHILDREN UNDER FIVE",YES,1.0,NO,,,,NO,,NO,,,,20615378,Central,Lilongwe,RURAL,2020-02-20,697.8975436224,20615,378,0116,NO,,12,67,NO,Yes,NO,YES,NO,9.0,2020,2,200000.0,,20023.41393719507,179976.58606280494,True
5590,210334510100,484fee96259d4408b7c5bfe4455f2b81,OWNED,1.0,,,,,,NO,"YES, A TITLE DEED",,NO,50000000.0,200000.0,MONTH,NO,,YES,100000.0,,,999,PERMANENT,BURNT BRICKS,,IRON SHEETS,,SMOOTH CEMENT,,3,ELECTRICITY,,ELECTRICITY,,NO,,,,,,,,YES,TORCH,,CHARCOAL,,YES,9999.0,NO,Several times a month,15000.0,DISAGREE,DISSATISFIED,2.0,WEEK,,,,,,NO,,,,4,0.0,0.0,10000.0,20000.0,PIPED INTO DWELLING,PIPED INTO DWELLING,,,15000.0,1.0,MINUTE,99,,ALL YEAR AROUND,,NO,,,,,Flush to septic tank,,No,,,In own yard  / plot,NO,,,,YES WITH SOAP,BURNING,,YES,NO,,YES,3.0,YES,1.0,2.0,,YES,3.0,YES,1.0,2.0,,21033451,Central,Lilongwe City,URBAN,2019-09-09,536.3043745,21033,451,0100,NO,,18,45,YES,Yes,NO,NO,NO,3.0,2019,9,200000.0,,59167.16650790615,140832.83349209384,True
3032,203032910072,52d2a2c1b8da4119b0dc423cb4000652,OWNED,1.0,,,,,,NO,NO,,NO,25000000.0,200000.0,MONTH,NO,,NO,,,,6,SEMI-PERMANENT,BURNT BRICKS,,IRON SHEETS,,SMOOTH CEMENT,,9,OTHER(SPECIFY),SOLAR,COLLECTED FIREWOOD,,,,UNFARMED AREAS OF COMMUNITY,,,,,2100.0,NO,,,,,,,,,,,,,,NO,,,,,NO,,,,4,62700.0,0.0,11500.0,51200.0,BOREHOLE,BOREHOLE,,,0.0,5.0,MINUTE,5,MINUTE,ALL YEAR AROUND,,NO,,,,,Pit latrine without slab /Open pit,,No,,,In own yard  / plot,NO,,,Yes,NO,RUBBISH PIT,,YES,NO,"YES, FOR ALL CHILDREN UNDER FIVE",YES,1.0,NO,,,,YES,1.0,NO,,,,20303291,Central,Ntchisi,RURAL,2019-12-03,229.452197887,20303,291,0072,NO,,8,80,YES,Yes,NO,YES,NO,6.0,2019,12,200000.0,,10303.002738930534,189696.99726106945,True
3555,204063230105,eba47179cbdf44d280336920d2097c1a,OWNED,2.0,,,,,,NO,"YES, A TITLE DEED",,YES,10000000.0,200000.0,MONTH,NO,,NO,,,,15,PERMANENT,BURNT BRICKS,,IRON SHEETS,,SMOOTH CEMENT,,5,BATTERY/DRY CELL(TORCH),,PURCHASED FIREWOOD,,,YES,UNFARMED AREAS OF COMMUNITY,,10.0,MINUTE,MORE THAN HALF,2000.0,NO,,,,,,,,,,,,,,NO,,,,,NO,,,,2,10000.0,0.0,3000.0,7000.0,PIPED INTO DWELLING,PIPED INTO DWELLING,,,2500.0,0.0,MINUTE,99,,ALL YEAR AROUND,,YES,OBSERVED FIXED FACILITY OBSERVED (SINK/TAP) IN DWELLING,Water is available,"YES, PRESENT",,Flush to septic tank,,Yes,Removed by service provider To don’t know where,,In own  dwelling,NO,,,,YES WITH SOAP,RUBBISH PIT,,YES,YES,,YES,1.0,YES,1.0,2.0,,YES,1.0,YES,1.0,2.0,,20406323,Central,Dowa,RURAL,2019-09-29,529.8961606344,20406,323,0105,NO,,3,51,YES,Yes,YES,NO,NO,2.0,2019,9,200000.0,,26604.72334276793,173395.27665723208,True
7116,303075460401,741f8710576e401f9af1d3d86fd338cd,OWNED,1.0,,,,,,NO,NO,,NO,2000000.0,200000.0,MONTH,NO,,NO,,,,44,PERMANENT,BURNT BRICKS,,IRON SHEETS,,SMOOTH CEMENT,,4,BATTERY/DRY CELL(TORCH),,COLLECTED FIREWOOD,,,,OWN WOODLOT,,,,,4500.0,NO,,,,,,,,,,,,,,NO,,,,,NO,,,,1,500.0,0.0,0.0,500.0,BOREHOLE,BOREHOLE,,,0.0,1.0,MINUTE,5,MINUTE,ALL YEAR AROUND,,NO,,,,,Pit latrine without slab /Open pit,,No,,,In own yard  / plot,NO,,,Yes,NO,BURNING,,YES,NO,,NO,,NO,,,,NO,,NO,,,,30307546,Southern,Zomba Non-City,RURAL,2019-08-26,559.8979148093999,30307,546,0401,NO,,7,5,YES,Yes,YES,YES,YES,2.0,2019,8,200000.0,,6833.732934771447,193166.26706522855,True
7496,304075700207,fb3d6a43ccb64d2a80364ac87947aeb2,OWNED,1.0,,,,,,NO,NO,,NO,300000.0,200000.0,MONTH,NO,,NO,,,,3,PERMANENT,BURNT BRICKS,,IRON SHEETS,,SMOOTH CEMENT,,6,BATTERY/DRY CELL(TORCH),,COLLECTED FIREWOOD,,,,UNFARMED AREAS OF COMMUNITY,,,,,1000.0,NO,,,,,,,,,,,,,,NO,,,,,NO,,,,1,7000.0,300.0,0.0,400.0,BOREHOLE,BOREHOLE,,,0.0,2.0,HOUR,5,MINUTE,ALL YEAR AROUND,,NO,,,,,Pit latrine without slab /Open pit,,No,,,In own yard  / plot,NO,,,No,NO,RUBBISH PIT,,YES,NO,,NO,,NO,,,,NO,,NO,,,,30407570,Southern,Chiradzulu,RURAL,2019-05-04,309.2924374614,30407,570,0207,NO,,10,65,NO,Yes,YES,YES,NO,3.0,2019,5,200000.0,,8303.648305284607,191696.35169471538,True
4523,206173840112,69faeb59321649fdbfc0602ec58c359d,"FREE, AUTHORIZED",,,,,,,,,,,,6500.0,DAY,NO,,NO,,,,11,PERMANENT,BURNT BRICKS,,IRON SHEETS,,SMOOTH CEMENT,,5,BATTERY/DRY CELL(TORCH),,PURCHASED FIREWOOD,,,NO,,,,,,1000.0,NO,,,,,,,,,,,,,,YES,CONNECTION/WIRING FEE UNAFFORDABLE,,,,NO,,,,3,10000.0,2000.0,3000.0,5000.0,BOREHOLE,PROTECTED WELL IN YARD/PLOT,,,0.0,5.0,MINUTE,5,MINUTE,ALL YEAR AROUND,,NO,,,,,Pit latrine with slab,,No,,,In own yard  / plot,NO,,,Yes,YES WITH NO SOAP,RUBBISH PIT,,YES,NO,,NO,,NO,,,,NO,,NO,,,,20617384,Central,Lilongwe,RURAL,2020-01-13,352.1062814283,20617,384,0112,NO,,12,67,NO,Yes,YES,NO,NO,6.0,2020,1,197860.0,,13985.227048675288,183874.7729513247,True
1965,107382230404,68a3a9739da14c36b1fbf23cdf939697,OWNED,1.0,2.0,,,,,NO,"YES, OTHER (SPECIFY)",LETTER FROM CITY AUTHORITY,YES,10000000.0,180000.0,MONTH,NO,,YES,120000.0,,,20,PERMANENT,BURNT BRICKS,,IRON SHEETS,,SMOOTH CEMENT,,2,ELECTRICITY,,CHARCOAL,,NO,,,,,,,,YES,CANDLES,,CHARCOAL,,YES,52.0,YES,Several times a week,4000.0,AGREE,VERY SATISFIED,1.0,MONTH,,,,,,NO,,,,1,3600.0,0.0,1600.0,2000.0,PIPED INTO DWELLING,PIPED INTO DWELLING,,,5500.0,3.0,MINUTE,99,,ALL YEAR AROUND,,NO,,,,,Flush to septic tank,,Yes,Removed by service provider to a treatment plant,,In own  dwelling,NO,,,,YES WITH NO SOAP,RUBBISH PIT,,YES,NO,,YES,1.0,NO,,,,NO,,NO,,,,10738223,North,Mzuzu City,URBAN,2019-06-19,168.41818861,10738,223,0404,YES,Dwelling found but appears unoccupied,15,53,NO,Yes,YES,NO,NO,2.0,2019,6,180000.0,,36520.41876366068,143479.58123633932,True
11026,314397910104,156b46f243894f158fc7d2e0a768a58c,OWNED,1.0,2.0,,,,,NO,"YES, OFFER OF LEASE",,YES,18000000.0,180000.0,MONTH,YES,23000.0,NO,,,,20,PERMANENT,BURNT BRICKS,,IRON SHEETS,,TILE,,6,ELECTRICITY,,ELECTRICITY,,YES,NO,,,,,,3000.0,YES,OTHER (SPECIFY),GENERATOR,FIREWOOD,,YES,24.0,NO,Every day,32000.0,DISAGREE,DISSATISFIED,1.0,MONTH,,,,,,NO,,,,6,30000.0,0.0,12000.0,18000.0,PIPED INTO DWELLING,PIPED INTO DWELLING,,,11000.0,0.0,MINUTE,99,,ALL YEAR AROUND,,YES,OBSERVED FIXED FACILITY OBSERVED (SINK/TAP) IN DWELLING,Water is available,"YES, PRESENT",,Flush to septic tank,,Yes,Removed by service provider To don’t know where,,In own  dwelling,NO,,,,YES WITH SOAP,RUBBISH PIT,,YES,NO,,YES,1.0,NO,,,,NO,,YES,2.0,3.0,4.0,31439791,Southern,Zomba City,URBAN,2019-11-16,55.4165703,31439,791,0104,NO,,7,73,YES,Yes,YES,NO,NO,6.0,2019,11,180000.0,,62938.680396513824,117061.31960348618,True
11097,315317960006,9df5eb0dcd964cdfa619062e330a0c76,OWNED,1.0,2.0,,,,,NO,NO,,NO,500000.0,180000.0,MONTH,NO,,NO,,,,20,PERMANENT,BURNT BRICKS,,IRON SHEETS,,TILE,,3,ELECTRICITY,,ELECTRICITY,,NO,,,,,,,,YES,OTHER (SPECIFY),GENERATOR,GAS,,YES,6.0,NO,Several times a week,10000.0,STRONGLY AGREE,VERY SATISFIED,3.0,WEEK,,,,,,NO,,,,5,50000.0,0.0,20000.0,30000.0,PIPED INTO DWELLING,PIPED INTO YARD/PLOT,,,15000.0,1.0,MINUTE,99,,ALL YEAR AROUND,,YES,OBSERVED FIXED FACILITY OBSERVED (SINK/TAP) IN DWELLING,Water is available,"YES, PRESENT",,Flush to septic tank,,No,,,In own  dwelling,NO,,,,YES WITH SOAP,COLLECTED FROM RUBBISH BIN,,YES,NO,,YES,1.0,YES,1.0,,,YES,2.0,YES,1.0,,,31531796,Southern,Blantyre City,URBAN,2020-03-24,817.6456288132,31531,796,0006,NO,,17,69,NO,Yes,NO,NO,NO,4.0,2020,3,180000.0,,62938.680396513824,117061.31960348618,True
1449,105011900180,a8e8b9ea093f422d8655297c5c41dde9,OWNED,1.0,,1.0,,,,YES,NO,,NO,2000000.0,40000.0,WEEK,NO,,NO,,,,5,PERMANENT,BURNT BRICKS,,IRON SHEETS,,SMOOTH CEMENT,,4,ELECTRICITY,,COLLECTED FIREWOOD,,,,UNFARMED AREAS OF COMMUNITY,,,,,0.0,YES,SOLAR,,FIREWOOD,,NO,,,,,,,,,,,,,,NO,,,,2,30000.0,0.0,0.0,1000.0,BOREHOLE,BOREHOLE,,,0.0,20.0,MINUTE,40,MINUTE,ALL YEAR AROUND,,NO,,,,,Pit latrine without slab /Open pit,,No,,,In own yard  / plot,NO,,,Yes,YES WITH NO SOAP,RUBBISH PIT,,YES,YES,"YES, FOR ALL CHILDREN UNDER FIVE",NO,,NO,,,,NO,,NO,,,,10501190,North,Mzimba,RURAL,2019-09-14,759.2409801521999,10501,190,0180,NO,,15,81,NO,Yes,NO,NO,NO,8.0,2019,9,160000.0,,7285.665509810532,152714.33449018947,True
3984,206013500155,c95b122989564a46939a1ea0f85f711d,OWNED,1.0,,,,,,NO,NO,,NO,100000.0,5000.0,DAY,NO,,NO,,,,1,SEMI-PERMANENT,MUD BRICK(UNFIRED),,GRASS,,SMOOTHED MUD,,1,BATTERY/DRY CELL(TORCH),,COLLECTED FIREWOOD,,,,UNFARMED AREAS OF COMMUNITY,,,,,1000.0,NO,,,,,,,,,,,,,,YES,CONNECTION/WIRING FEE UNAFFORDABLE,,,,NO,,,,0,,,,,BOREHOLE,BOREHOLE,,,0.0,5.0,MINUTE,5,MINUTE,ALL YEAR AROUND,,NO,,,,,Pit latrine without slab /Open pit,,No,,,In own yard  / plot,YES,shared with known households (not public),Number of households (if less than 10),No,NO,RUBBISH PIT,,NO,,,NO,,NO,,,,NO,,NO,,,,20601350,Central,Lilongwe,RURAL,2020-03-27,645.1757448567,20601,350,0155,NO,,12,92,NO,No,YES,NO,NO,5.0,2020,3,152200.0,,2449.770913012437,149750.22908698756,True
8398,307076270005,7367371171d840e583d9a98d505cf9a1,OWNED,2.0,,,,,,NO,NO,,NO,150000.0,5000.0,DAY,NO,,NO,,,,12,SEMI-PERMANENT,BURNT BRICKS,,IRON SHEETS,,SMOOTHED MUD,,3,BATTERY/DRY CELL(TORCH),,COLLECTED FIREWOOD,,,,UNFARMED AREAS OF COMMUNITY,,,,,2000.0,NO,,,,,,,,,,,,,,NO,,,,,NO,,,,0,,,,,BOREHOLE,RIVER/STREAM,,,200.0,1.0,MINUTE,5,MINUTE,ALL YEAR AROUND,,NO,,,,,Pit latrine without slab /Open pit,,No,,,In own  dwelling,NO,,,Yes,YES WITH NO SOAP,RUBBISH PIT,,YES,YES,,NO,,NO,,,,NO,,NO,,,,30707627,Southern,Thyolo,RURAL,2020-03-31,385.2343874626,30707,627,0005,NO,,9,32,NO,Yes,YES,NO,NO,6.0,2020,3,152200.0,,4560.389396810844,147639.61060318915,True
5148,208064230014,d11a9fffe2b140bd869250e5c320e0f8,OWNED,2.0,,,,,,NO,NO,,NO,50000.0,5000.0,DAY,NO,,NO,,,,2,TRADITIONAL,COMPACTED EARTH(YAMDINDO),,GRASS,,SMOOTHED MUD,,2,BATTERY/DRY CELL(TORCH),,COLLECTED FIREWOOD,,,,FOREST RESERVE,,,,,500.0,NO,,,,,,,,,,,,,,NO,,,,,NO,,,,0,,,,,BOREHOLE,BOREHOLE,,,0.0,2.0,MINUTE,5,MINUTE,ALL YEAR AROUND,,NO,,,,,Pit latrine with slab,,No,,,In own yard  / plot,NO,,,Yes,YES WITH NO SOAP,RUBBISH PIT,,YES,YES,"YES, FOR ALL CHILDREN UNDER FIVE",NO,,NO,,,,NO,,NO,,,,20806423,Central,Dedza,RURAL,2020-02-23,327.775835827,20806,423,0014,NO,,13,61,NO,Yes,NO,YES,NO,4.0,2020,2,152200.0,,2844.4625449734995,149355.5374550265,True
7768,305055870134,b3b1e3650f544725b88cea9dcf7e25bb,OWNED,1.0,,,,,,NO,NO,,NO,1000000.0,5000.0,DAY,NO,,NO,,,,7,SEMI-PERMANENT,BURNT BRICKS,,GRASS,,SMOOTHED MUD,,3,BATTERY/DRY CELL(TORCH),,COLLECTED FIREWOOD,,,,FOREST RESERVE,,,,,2000.0,NO,,,,,,,,,,,,,,NO,,,,,NO,,,,1,7000.0,3000.0,0.0,4000.0,BOREHOLE,BOREHOLE,,,0.0,15.0,MINUTE,20,MINUTE,ALL YEAR AROUND,,NO,,,,,Pit latrine without slab /Open pit,,No,,,In own yard  / plot,NO,,,Yes,NO,BURNING,,YES,NO,"YES, FOR ALL CHILDREN UNDER FIVE",NO,,NO,,,,NO,,NO,,,,30505587,Southern,Blantyre,RURAL,2019-09-26,262.53925832899995,30505,587,0134,NO,,17,74,NO,Yes,NO,YES,NO,3.0,2019,9,152200.0,,2641.0334564700506,149558.96654352994,True
2548,201272600078,30bc6c183c2b4de0b5960341d68f2ebd,OWNED,1.0,,,,,,NO,NO,,NO,350000.0,5000.0,DAY,NO,,NO,,,,9,SEMI-PERMANENT,BURNT BRICKS,,GRASS,,SMOOTHED MUD,,4,BATTERY/DRY CELL(TORCH),,COLLECTED FIREWOOD,,,,UNFARMED AREAS OF COMMUNITY,,,,,1500.0,NO,,,,,,,,,,,,,,NO,,,,,NO,,,,0,,,,,BOREHOLE,OPEN PUBLIC WELL,,,0.0,5.0,MINUTE,5,MINUTE,ALL YEAR AROUND,,NO,,,,,Pit latrine without slab /Open pit,,No,,,In own yard  / plot,NO,,,Yes,NO,RUBBISH PIT,,YES,YES,,YES,1.0,YES,1.0,,,NO,,NO,,,,20127260,Central,Kasungu,RURAL,2019-07-21,410.214821562,20127,260,0078,NO,,3,51,NO,Yes,YES,NO,NO,7.0,2019,7,152200.0,,2604.9939575732424,149595.00604242674,True
7993,306016010241,6ca76628674749a8a8d5bdd0793d7214,OWNED,1.0,2.0,,,,,NO,NO,,NO,18000000.0,150000.0,MONTH,NO,,NO,,,,4,PERMANENT,BURNT BRICKS,,IRON SHEETS,,SMOOTH CEMENT,,4,ELECTRICITY,,CHARCOAL,,YES,NO,,,,,,1000.0,YES,SOLAR,,CHARCOAL,,YES,12.0,NO,Never,10000.0,STRONGLY DISAGREE,SATISFIED,1.0,MONTH,,,,,,NO,,,,3,15000.0,0.0,5000.0,10000.0,PIPED TO NEIGHBOR,PROTECTED WELL IN YARD/PLOT,,,10000.0,2.0,MINUTE,2,MINUTE,ALL YEAR AROUND,,NO,,,,,Pit latrine with slab,,No,,,In own yard  / plot,NO,,,No,NO,RUBBISH PIT,,YES,NO,,YES,2.0,YES,1.0,,,NO,,NO,,,,30601601,Southern,Mwanza,RURAL,2019-08-21,76.83657514030001,30601,601,0241,NO,,2,46,YES,Yes,NO,NO,NO,3.0,2019,8,150000.0,,10537.58094300227,139462.41905699772,True
11099,315317960021,b64a03df598d49afba953c9cf81eb2ff,BEING PURCHASED,1.0,,,,,,NO,"YES, A TITLE DEED",,NO,15000000.0,150000.0,MONTH,NO,,NO,,,,20,PERMANENT,CONCRETE,,IRON SHEETS,,SMOOTH CEMENT,,5,ELECTRICITY,,ELECTRICITY,,NO,,,,,,,,YES,TORCH,,CHARCOAL,,YES,9999.0,NO,Every day,5000.0,NEUTRAL,NEITHER SATISFIED NOR DISSATISFIED,1.0,WEEK,,,,,,NO,,,,3,30000.0,0.0,15000.0,15000.0,PIPED INTO DWELLING,PIPED INTO DWELLING,,,40000.0,5.0,MINUTE,99,,ALL YEAR AROUND,,YES,OBSERVED FIXED FACILITY OBSERVED (SINK/TAP) IN YARD,Water is available,"YES, PRESENT",,Flush to septic tank,,No,,,In own  dwelling,NO,,,,YES WITH SOAP,RUBBISH PIT,,YES,NO,,YES,1.0,YES,2.0,,,NO,,NO,,,,31531796,Southern,Blantyre City,URBAN,2020-03-24,817.6456288132,31531,796,0021,NO,,17,37,NO,Yes,NO,NO,NO,5.0,2020,3,150000.0,,62938.680396513824,87061.31960348618,True
11278,315418070038,7af8b97e41c54fa498374cd21c64eabf,"FREE, AUTHORIZED",,,,,,,,,,,,150000.0,MONTH,NO,,NO,,,,3,SEMI-PERMANENT,BURNT BRICKS,,IRON SHEETS,,SMOOTHED MUD,,4,BATTERY/DRY CELL(TORCH),,CHARCOAL,,NO,,,,,,,,NO,,,,,,,,,,,,,,YES,APPLICATION PENDING,,2.0,Year,NO,,,,0,,,,,PIPED INTO YARD/PLOT,OPEN WELL IN YARD/PLOT,,,0.0,5.0,MINUTE,99,,ALL YEAR AROUND,,NO,,,,,Pit latrine without slab /Open pit,,No,,,In own yard  / plot,NO,,,Yes,NO,NONE,,YES,NO,,NO,,NO,,,,NO,,NO,,,,31541807,Southern,Blantyre City,URBAN,2020-03-27,801.8531770392,31541,807,0038,NO,,17,69,NO,Yes,NO,NO,NO,2.0,2020,3,150000.0,,12170.250227431081,137829.74977256893,True
2847,202062780224,826cf7723d884659b727665149a12c01,OWNED,1.0,2.0,,,,,NO,NO,,NO,800000.0,150000.0,MONTH,NO,,NO,,,,7,SEMI-PERMANENT,BURNT BRICKS,,IRON SHEETS,,SMOOTHED MUD,,4,BATTERY/DRY CELL(TORCH),,COLLECTED FIREWOOD,,,,UNFARMED AREAS OF COMMUNITY,,,,,1000.0,NO,,,,,,,,,,,,,,NO,,,,,NO,,,,1,12000.0,0.0,0.0,2000.0,BOREHOLE,BOREHOLE,,,500.0,2.0,MINUTE,10,MINUTE,ALL YEAR AROUND,,NO,,,,,Pit latrine with slab,,No,,,In own yard  / plot,NO,,,Yes,YES WITH SOAP,RUBBISH PIT,,YES,NO,,YES,2.0,NO,,,,NO,,NO,,,,20206278,Central,Nkhotakota,RURAL,2019-04-30,142.17331916819998,20206,278,0224,NO,,8,72,NO,Yes,YES,NO,NO,4.0,2019,4,150000.0,,5628.098472148584,144371.9015278514,True
7256,304015550262,59f2790cb08f41678a66bbc4d7f21f13,OWNED,1.0,,,,,,NO,NO,,NO,2000000.0,150000.0,MONTH,NO,,NO,,,,1,PERMANENT,BURNT BRICKS,,IRON SHEETS,,SMOOTH CEMENT,,5,BATTERY/DRY CELL(TORCH),,COLLECTED FIREWOOD,,,,UNFARMED AREAS OF COMMUNITY,,,,,2800.0,NO,,,,,,,,,,,,,,NO,,,,,NO,,,,1,0.0,0.0,0.0,2500.0,BOREHOLE,BOREHOLE,,,0.0,5.0,MINUTE,15,MINUTE,ALL YEAR AROUND,,NO,,,,,Flush to piped sewer system,,,,,In own  dwelling,NO,,,,YES WITH SOAP,RUBBISH PIT,,YES,NO,,NO,,NO,,,,NO,,NO,,,,30401555,Southern,Chiradzulu,RURAL,2019-06-10,211.51680239700002,30401,555,0262,NO,,10,65,NO,Yes,YES,NO,NO,3.0,2019,6,150000.0,,11547.830093375585,138452.16990662442,True
1927,107372210264,c775baf383da4e0f80df478a01a679c7,OWNED,1.0,,,,,,NO,NO,,YES,30000000.0,150000.0,MONTH,NO,,NO,,,,19,PERMANENT,BURNT BRICKS,,IRON SHEETS,,TILE,,5,ELECTRICITY,,CHARCOAL,,NO,,,,,,,,YES,OTHER (SPECIFY),GENERATOR,CHARCOAL,,YES,4.0,NO,Several times a week,5000.0,NEUTRAL,DISSATISFIED,2.0,WEEK,,,,,,NO,,,,4,30000.0,0.0,5000.0,25000.0,PIPED INTO DWELLING,PIPED INTO DWELLING,,,18000.0,1.0,MINUTE,99,,ALL YEAR AROUND,,YES,OBSERVED FIXED FACILITY OBSERVED (SINK/TAP) IN DWELLING,Water is available,"YES, PRESENT",,Flush to septic tank,,Yes,Removed by service provider To don’t know where,,In own  dwelling,NO,,,,YES WITH SOAP,RUBBISH PIT,,YES,ALL NETS TREATED &amp; LESS THAN 6 MONTHS OLD,,YES,1.0,NO,,,,NO,,NO,,,,10737221,North,Mzuzu City,URBAN,2019-09-27,189.57320385500003,10737,221,0264,YES,Dwelling found but no household member could be found,15,40,YES,Yes,YES,NO,YES,4.0,2019,9,150000.0,,62938.680396513824,87061.31960348618,True
2202,201022380078,21d26ce556044ba086d199b1c0b8e344,OWNED,1.0,,,,,,NO,NO,,NO,1500000.0,150000.0,MONTH,NO,,NO,,,,1,TRADITIONAL,GRASS,,GRASS,,SMOOTHED MUD,,2,OTHER(SPECIFY),,COLLECTED FIREWOOD,,,,COMMUNITY WOODLOT,,,,,1000.0,NO,,,,,,,,,,,,,,NO,,,,,NO,,,,0,,,,,BOREHOLE,BOREHOLE,,,0.0,5.0,MINUTE,16,MINUTE,ALL YEAR AROUND,,NO,,,,,Pit latrine without slab /Open pit,,No,,,In own yard  / plot,NO,,,No,NO,NONE,,NO,,,NO,,NO,,,,NO,,NO,,,,20102238,Central,Kasungu,RURAL,2020-03-04,463.4600312286,20102,238,0078,NO,,11,49,NO,Yes,YES,NO,NO,3.0,2020,3,150000.0,,62938.680396513824,87061.31960348618,True
11091,315317950130,947850eab7c14f33a7337f992d1ecbfd,BEING PURCHASED,1.0,,,,,,NO,"YES, A TITLE DEED",,NO,20000000.0,150000.0,MONTH,NO,,YES,61000.0,,,21,PERMANENT,BURNT BRICKS,,IRON SHEETS,,SMOOTH CEMENT,,3,ELECTRICITY,,CHARCOAL,,YES,NO,,,,,,2500.0,YES,CANDLES,,CHARCOAL,,YES,2.0,NO,Every day,7000.0,NEUTRAL,VERY SATISFIED,1.0,MONTH,,,,,,NO,,,,4,20000.0,0.0,10000.0,10000.0,PIPED INTO DWELLING,PIPED INTO DWELLING,,,20000.0,5.0,MINUTE,5,MINUTE,ALL YEAR AROUND,,NO,,,,,Flush to septic tank,,No,,,In own  dwelling,NO,,,,YES WITH NO SOAP,RUBBISH PIT,,YES,NO,,YES,1.0,YES,1.0,2.0,3.0,NO,,NO,,,,31531795,Southern,Blantyre City,URBAN,2019-09-13,620.1631685106,31531,795,0130,NO,,17,84,NO,Yes,YES,YES,NO,4.0,2019,9,150000.0,,50093.85752398949,99906.14247601051,True
11288,315418070118,45dad67fa166426d9c3f7ecc32535f34,OWNED,1.0,,,,,,NO,NO,,NO,3000000.0,150000.0,MONTH,NO,,NO,,,,9,PERMANENT,CONCRETE,,IRON SHEETS,,SMOOTH CEMENT,,2,ELECTRICITY,,CHARCOAL,,YES,NO,,,,,,2800.0,YES,TORCH,,CHARCOAL,,YES,4.0,NO,Every day,8000.0,STRONGLY DISAGREE,DISSATISFIED,1.0,MONTH,,,,,,NO,,,,2,11000.0,0.0,5000.0,6000.0,PIPED INTO DWELLING,PIPED INTO DWELLING,,,15000.0,2.0,MINUTE,5,MINUTE,ALL YEAR AROUND,,NO,,,,,Flush to piped sewer system,,,,,In own  dwelling,NO,,,,YES WITH NO SOAP,RUBBISH PIT,,YES,NO,,YES,1.0,YES,1.0,2.0,,NO,,NO,,,,31541807,Southern,Blantyre City,URBAN,2020-03-31,801.8531770392,31541,807,0118,NO,,17,84,YES,Yes,YES,YES,NO,3.0,2020,3,150000.0,,38351.54738732765,111648.45261267235,True
5365,209054370043,4004167dabff4cca857310d858da98c8,OWNED,1.0,2.0,,,,,NO,NO,,NO,250000.0,150000.0,MONTH,NO,,NO,,,,3,PERMANENT,BURNT BRICKS,,IRON SHEETS,,SMOOTHED MUD,,3,BATTERY/DRY CELL(TORCH),,COLLECTED FIREWOOD,,,,COMMUNITY WOODLOT,,,,,2000.0,NO,,,,,,,,,,,,,,NO,,,,,NO,,,,0,,,,,RIVER/STREAM,RIVER/STREAM,,,0.0,5.0,MINUTE,1,HOUR,ONLY DRY SEASON,BOREHOLE,NO,,,,,Pit latrine without slab /Open pit,,No,,,In own yard  / plot,NO,,,No,NO,PUBLIC RUBBISH HEAP,,YES,NO,"YES, FOR ALL CHILDREN UNDER FIVE",NO,,NO,,,,NO,,NO,,,,20905437,Central,Ntcheu,RURAL,2019-09-25,419.1364993428,20905,437,0043,NO,,13,62,NO,Yes,NO,NO,NO,7.0,2019,9,150000.0,,5096.144456083894,144903.8555439161,True
10065,312017310069,ee11aa72f8504e67ae496099b43b8be1,OWNED,1.0,2.0,,,,,NO,"YES, A TITLE DEED",,NO,21000000.0,150000.0,MONTH,NO,,NO,,,,8,PERMANENT,BURNT BRICKS,,IRON SHEETS,,SMOOTH CEMENT,,3,ELECTRICITY,,CHARCOAL,,NO,,,,,,,,YES,TORCH,,CHARCOAL,,YES,12.0,YES,Several times a month,8000.0,AGREE,SATISFIED,1.0,MONTH,,,,,,NO,,,,3,30000.0,0.0,10000.0,20000.0,PIPED INTO DWELLING,PIPED INTO DWELLING,,,10000.0,0.0,MINUTE,99,,ALL YEAR AROUND,,YES,OBSERVED FIXED FACILITY OBSERVED (SINK/TAP) IN DWELLING,Water is available,"YES, PRESENT",,Flush to septic tank,,No,,,In own  dwelling,NO,,,,YES WITH SOAP,RUBBISH PIT,,YES,ALL NETS TREATED &amp; LESS THAN 6 MONTHS OLD,"YES, FOR ALL CHILDREN UNDER FIVE",YES,2.0,NO,,,,YES,2.0,NO,,,,31201731,Southern,Balaka,RURAL,2019-09-02,167.88436212720003,31201,731,0069,NO,,16,1,YES,Yes,NO,NO,NO,6.0,2019,9,150000.0,,37933.07105541988,112066.92894458011,True
11030,314397910118,441c5a27c53e42a6b653d785bb6ac61c,OWNED,1.0,,1.0,,,,YES,"YES, OTHER (SPECIFY)",MORTGAGEPURCHASE,NO,25000000.0,150000.0,MONTH,YES,9000.0,YES,43000.0,,,999,PERMANENT,BURNT BRICKS,,IRON SHEETS,,SMOOTH CEMENT,,3,ELECTRICITY,,ELECTRICITY,,YES,NO,,,,,,0.0,YES,TORCH,,CHARCOAL,,YES,9999.0,NO,Every day,6000.0,STRONGLY AGREE,DISSATISFIED,1.0,MONTH,,,,,,NO,,,,4,15000.0,0.0,8000.0,7000.0,PIPED INTO DWELLING,PIPED INTO DWELLING,,,1500.0,0.0,MINUTE,99,,ALL YEAR AROUND,,YES,OBSERVED FIXED FACILITY OBSERVED (SINK/TAP) IN DWELLING,Water is available,"YES, PRESENT",,Flush to piped sewer system,,,,,In own  dwelling,NO,,,,NO,RUBBISH PIT,,YES,NO,,YES,1.0,NO,,,,YES,1.0,NO,,,,31439791,Southern,Zomba City,URBAN,2019-11-15,55.4165703,31439,791,0118,NO,,7,71,YES,Yes,YES,NO,NO,2.0,2019,11,150000.0,,32414.688739433343,117585.31126056665,True
1908,107372200045,0144bbbfbc044fc5b86083aaa5dc366a,OWNED,1.0,,,,,,NO,NO,,NO,2150000.0,150000.0,MONTH,NO,,NO,,,,22,PERMANENT,BURNT BRICKS,,IRON SHEETS,,SMOOTH CEMENT,,3,ELECTRICITY,,CHARCOAL,,NO,,,,,,,,YES,TORCH,,CHARCOAL,,YES,10.0,NO,Several times a month,4000.0,NEUTRAL,DISSATISFIED,3.0,WEEK,,,,,,NO,,,,1,5000.0,0.0,0.0,5000.0,PIPED INTO YARD/PLOT,PIPED INTO YARD/PLOT,,,18000.0,1.0,MINUTE,99,,ALL YEAR AROUND,,NO,,,,,Pit latrine with slab,,No,,,In own yard  / plot,NO,,,Yes,NO,RUBBISH PIT,,YES,ALL NETS TREATED &amp; LESS THAN 6 MONTHS OLD,,YES,1.0,NO,,,,NO,,NO,,,,10737220,North,Mzuzu City,URBAN,2019-11-13,132.190237746,10737,220,0045,NO,,15,40,NO,Yes,YES,YES,NO,5.0,2019,11,150000.0,,19260.251241485847,130739.74875851415,True
7113,303075460272,0c73acd496e243f8b904883f7ee6fb7a,OWNED,10.0,,,,,,NO,NO,,NO,12000000.0,150000.0,MONTH,NO,,NO,,,,43,PERMANENT,BURNT BRICKS,,IRON SHEETS,,SMOOTH CEMENT,,5,BATTERY/DRY CELL(TORCH),,COLLECTED FIREWOOD,,,,OWN WOODLOT,,,,,2000.0,NO,,,,,,,,,,,,,,YES,CONNECTION/WIRING FEE UNAFFORDABLE,,,,NO,,,,0,,,,,PROTECTED WELL IN YARD/PLOT,PROTECTED WELL IN YARD/PLOT,,,0.0,0.0,MINUTE,99,,ALL YEAR AROUND,,YES,MOBILE OBJECT OBSERVED (BUCKET/JUG/KETTLE),Water is available,"NO, NOT PRESENT",,Pit latrine without slab /Open pit,,No,,,In own yard  / plot,NO,,,No,YES WITH NO SOAP,RUBBISH PIT,,YES,YES,"YES, FOR ALL CHILDREN UNDER FIVE",NO,,NO,,,,NO,,NO,,,,30307546,Southern,Zomba Non-City,RURAL,2019-08-26,559.8979148093999,30307,546,0272,NO,,7,71,YES,Yes,NO,NO,NO,10.0,2019,8,150000.0,,12566.140643187899,137433.8593568121,True
2114,107442330069,e359f99160b245cea703c1c7e52282ff,OWNED,1.0,,,,,,NO,NO,,NO,10000000.0,150000.0,MONTH,NO,,NO,,,,46,PERMANENT,BURNT BRICKS,,IRON SHEETS,,SMOOTH CEMENT,,7,ELECTRICITY,,ELECTRICITY,,NO,,,,,,,,YES,TORCH,,GAS,,YES,5.0,NO,Several times a week,5000.0,NEUTRAL,NEITHER SATISFIED NOR DISSATISFIED,2.0,WEEK,,,,,,NO,,,,2,10000.0,0.0,4000.0,6000.0,PIPED INTO DWELLING,PIPED INTO DWELLING,,,9000.0,1.0,MINUTE,99,,ALL YEAR AROUND,,YES,OBSERVED FIXED FACILITY OBSERVED (SINK/TAP) IN DWELLING,Water is available,"YES, PRESENT",,Flush to septic tank,,No,,,In own  dwelling,NO,,,,YES WITH SOAP,RUBBISH PIT,,YES,NO,,YES,1.0,NO,,,,NO,,NO,,,,10744233,North,Mzuzu City,URBAN,2019-10-05,154.68646834900002,10744,233,0069,NO,,15,40,YES,Yes,YES,NO,NO,1.0,2019,10,150000.0,,62938.680396513824,87061.31960348618,True
1874,107362180021,534c05d0353f4f00af055b895370f388,EMPLOYER PROVIDES,,,,,,,,,,,,150000.0,MONTH,NO,,NO,,,,999,PERMANENT,BURNT BRICKS,,IRON SHEETS,,SMOOTH CEMENT,,3,ELECTRICITY,,CHARCOAL,,NO,,,,,,,,YES,SOLAR,,CHARCOAL,,YES,9999.0,NO,Several times a month,5000.0,DISAGREE,VERY SATISFIED,1.0,MONTH,,,,,,NO,,,,4,25000.0,0.0,10000.0,15000.0,PIPED INTO DWELLING,PIPED INTO DWELLING,,,8000.0,1.0,MINUTE,99,,ALL YEAR AROUND,,YES,OBSERVED FIXED FACILITY OBSERVED (SINK/TAP) IN DWELLING,Water is available,"YES, PRESENT",,Flush to septic tank,,No,,,In own  dwelling,NO,,,,YES WITH SOAP,RUBBISH PIT,,YES,NO,,YES,1.0,NO,,,,NO,,NO,,,,10736218,North,Mzuzu City,URBAN,2020-02-20,103.825837801,10736,218,0021,NO,,15,40,NO,Yes,YES,YES,NO,6.0,2020,2,150000.0,,46369.81564013893,103630.18435986107,True
2003,107392260049,3f437bbe519f4bfb8f8adeb826e3b304,OWNED,1.0,2.0,,,,,NO,"YES, LETTER FROM CHIEF",,NO,30000000.0,150000.0,MONTH,YES,0.0,NO,,,,3,PERMANENT,BURNT BRICKS,,IRON SHEETS,,TILE,,3,ELECTRICITY,,ELECTRICITY,,NO,,,,,,,,YES,CANDLES,,CHARCOAL,,YES,16.0,YES,Every day,12000.0,STRONGLY DISAGREE,DISSATISFIED,1.0,MONTH,,,,,,NO,,,,2,70000.0,0.0,50000.0,20000.0,PIPED INTO DWELLING,PIPED INTO DWELLING,,,13000.0,2.0,MINUTE,99,,ALL YEAR AROUND,,YES,OBSERVED FIXED FACILITY OBSERVED (SINK/TAP) IN DWELLING,Water is available,"YES, PRESENT",,Flush to piped sewer system,,,,,In own  dwelling,NO,,,,YES WITH SOAP,RUBBISH PIT,,YES,NO,,YES,2.0,NO,,,,NO,,NO,,,,10739226,North,Mzuzu City,URBAN,2020-03-22,106.02521637400001,10739,226,0049,NO,,15,42,NO,Yes,YES,NO,NO,2.0,2020,3,150000.0,,62938.680396513824,87061.31960348618,True
1875,107362180028,466a50610d744f268a31d2f83d0dcadf,OWNED,1.0,,,,,,NO,NO,,NO,15000000.0,150000.0,MONTH,NO,,NO,,,,30,PERMANENT,BURNT BRICKS,,IRON SHEETS,,SMOOTH CEMENT,,5,ELECTRICITY,,ELECTRICITY,,NO,,,,,,,,YES,TORCH,,GAS,,YES,4.0,NO,Several times a week,30000.0,STRONGLY DISAGREE,SATISFIED,1.0,MONTH,,,,,,NO,,,,2,20000.0,0.0,2000.0,19000.0,PIPED INTO DWELLING,PIPED INTO DWELLING,,,20000.0,2.0,MINUTE,99,,ALL YEAR AROUND,,YES,OBSERVED FIXED FACILITY OBSERVED (SINK/TAP) IN DWELLING,Water is available,"YES, PRESENT",,Flush to septic tank,,No,,,In own yard  / plot,NO,,,,YES WITH SOAP,RUBBISH PIT,,YES,NO,,YES,1.0,NO,,,,NO,,NO,,,,10736218,North,Mzuzu City,URBAN,2020-02-19,103.825837801,10736,218,0028,NO,,15,40,YES,Yes,NO,NO,NO,1.0,2020,2,150000.0,,62938.680396513824,87061.31960348618,True
11158,315337990150,108e32c206a541fcbbfe1ca310e05d88,OWNED,1.0,2.0,,,,,NO,"YES, LETTER FROM CHIEF",,NO,4000000.0,150000.0,MONTH,NO,,NO,,,,2,PERMANENT,BURNT BRICKS,,IRON SHEETS,,SMOOTH CEMENT,,4,ELECTRICITY,,CHARCOAL,,NO,,,,,,,,YES,CANDLES,,CHARCOAL,,YES,2.0,NO,Several times a week,12000.0,NEUTRAL,NEITHER SATISFIED NOR DISSATISFIED,1.0,MONTH,,,,,,NO,,,,3,10000.0,0.0,5000.0,5000.0,PIPED INTO DWELLING,PIPED INTO DWELLING,,,10000.0,2.0,MINUTE,5,MINUTE,ALL YEAR AROUND,,YES,OBSERVED FIXED FACILITY OBSERVED (SINK/TAP) IN DWELLING,Water is available,"NO, NOT PRESENT",,Flush to septic tank,,No,,,In own  dwelling,NO,,,,NO,RUBBISH PIT,,YES,NO,"YES, FOR ALL CHILDREN UNDER FIVE",YES,2.0,YES,1.0,2.0,,NO,,NO,,,,31533799,Southern,Blantyre City,URBAN,2019-08-15,564.3057402642,31533,799,0150,NO,,17,84,NO,Yes,NO,NO,NO,6.0,2019,8,150000.0,,57895.31522862228,92104.68477137771,True
7483,304065690237,723328748c7a4ef7ae1305c7d8387711,OWNED,1.0,2.0,,,3.0,4.0,NO,NO,,NO,15000.0,150000.0,MONTH,NO,,NO,,,,3,SEMI-PERMANENT,BURNT BRICKS,,GRASS,,SMOOTHED MUD,,2,BATTERY/DRY CELL(TORCH),,COLLECTED FIREWOOD,,,,UNFARMED AREAS OF COMMUNITY,,,,,2000.0,NO,,,,,,,,,,,,,,NO,,,,,NO,,,,0,,,,,BOREHOLE,BOREHOLE,,,0.0,0.0,MINUTE,10,MINUTE,ALL YEAR AROUND,,NO,,,,,Pit latrine without slab /Open pit,,No,,,Elsewhere,YES,shared with known households (not public),Number of households (if less than 10),Yes,NO,NONE,,YES,NO,,NO,,NO,,,,NO,,NO,,,,30406569,Southern,Chiradzulu,RURAL,2020-02-26,311.0044480596,30406,569,0237,NO,,7,71,YES,Yes,NO,NO,NO,4.0,2020,2,150000.0,,2708.188275936567,147291.81172406345,True
11149,315337990064,50560080a92f4937a8532158d348b378,OWNED,1.0,,,,,,NO,"YES, A TITLE DEED",,NO,20000000.0,150000.0,MONTH,YES,0.0,NO,,,,18,PERMANENT,BURNT BRICKS,,IRON SHEETS,,SMOOTH CEMENT,,3,ELECTRICITY,,CHARCOAL,,NO,,,,,,,,YES,TORCH,,CHARCOAL,,YES,3.0,NO,Never,10000.0,STRONGLY AGREE,DISSATISFIED,3.0,WEEK,,,,,,NO,,,,4,20000.0,0.0,8000.0,12000.0,PIPED INTO DWELLING,PIPED INTO DWELLING,,,10000.0,0.0,MINUTE,99,,ALL YEAR AROUND,,YES,OBSERVED FIXED FACILITY OBSERVED (SINK/TAP) IN DWELLING,Water is not available,"YES, PRESENT",,Flush to septic tank,,No,,,In own  dwelling,NO,,,,YES WITH SOAP,RUBBISH PIT,,YES,NO,,YES,1.0,NO,,,,NO,,NO,,,,31533799,Southern,Blantyre City,URBAN,2019-08-16,564.3057402642,31533,799,0064,NO,,17,69,NO,Yes,YES,NO,NO,3.0,2019,8,150000.0,,49135.39979970202,100864.60020029798,True
2113,107442330039,f54af3db57984a0082b13b2e58949136,OWNED,1.0,,,,,,NO,"YES, A TITLE DEED",,NO,60000000.0,140000.0,MONTH,YES,0.0,NO,,,,999,PERMANENT,BURNT BRICKS,,IRON SHEETS,,SMOOTH CEMENT,,6,ELECTRICITY,,ELECTRICITY,,NO,,,,,,,,YES,TORCH,,CHARCOAL,,YES,9999.0,NO,Several times a month,10000.0,AGREE,SATISFIED,1.0,MONTH,,,,,,NO,,,,3,20000.0,0.0,15000.0,5000.0,PIPED INTO DWELLING,PIPED INTO DWELLING,,,7500.0,3.0,MINUTE,99,,ALL YEAR AROUND,,NO,,,,,Flush to septic tank,,No,,,In own  dwelling,NO,,,,YES WITH SOAP,RUBBISH PIT,,YES,YES,"YES, FOR ALL CHILDREN UNDER FIVE",YES,1.0,YES,1.0,,,NO,,NO,,,,10744233,North,Mzuzu City,URBAN,2019-10-05,154.68646834900002,10744,233,0039,NO,,15,21,NO,Yes,YES,NO,NO,4.0,2019,10,140000.0,,62938.680396513824,77061.31960348618,True
11287,315418070110,d2bc19d618254fc29e342e89e8c34d3f,OWNED,1.0,2.0,,,,,NO,NO,,NO,30000000.0,120000.0,MONTH,NO,,NO,,,,24,PERMANENT,CONCRETE,,IRON SHEETS,,SMOOTH CEMENT,,4,ELECTRICITY,,CHARCOAL,,YES,YES,UNFARMED AREAS OF COMMUNITY,,6.0,MINUTE,ALL,2500.0,YES,TORCH,,FIREWOOD,,YES,132.0,NO,Every day,10000.0,STRONGLY DISAGREE,VERY DISSATISFIED,1.0,MONTH,,,,,,NO,,,,4,58000.0,0.0,8000.0,50000.0,PIPED INTO DWELLING,PIPED INTO DWELLING,,,8000.0,5.0,MINUTE,5,MINUTE,ALL YEAR AROUND,,NO,,,,,Pit latrine with slab,,Yes,Emptied by household buried in a covered pit,,In own  dwelling,NO,,,Yes,NO,RUBBISH PIT,,YES,YES,,YES,2.0,YES,1.0,2.0,3.0,NO,,NO,,,,31541807,Southern,Blantyre City,URBAN,2020-03-27,801.8531770392,31541,807,0110,NO,,17,84,YES,Yes,YES,NO,NO,5.0,2020,3,120000.0,,37030.57432362033,82969.42567637967,True
4426,206153780232,c5fb60d39ce74381bae5987fe2a496ac,OWNED,1.0,2.0,,,,,NO,NO,,NO,12000000.0,120000.0,MONTH,NO,,NO,,,,4,PERMANENT,BURNT BRICKS,,IRON SHEETS,,SMOOTH CEMENT,,5,BATTERY/DRY CELL(TORCH),,CHARCOAL,,YES,NO,,,,,,0.0,NO,,,,,,,,,,,,,,YES,CONNECTION/WIRING FEE UNAFFORDABLE,,,,NO,,,,3,18400.0,8400.0,8000.0,2000.0,BOREHOLE,BOREHOLE,,,300.0,5.0,MINUTE,5,MINUTE,ALL YEAR AROUND,,NO,,,,,Pit latrine with slab,,No,,,In own yard  / plot,NO,,,Yes,NO,RUBBISH PIT,,YES,NO,"YES, FOR ALL CHILDREN UNDER FIVE",YES,1.0,YES,1.0,,,NO,,NO,,,,20615378,Central,Lilongwe,RURAL,2020-02-22,697.8975436224,20615,378,0232,NO,,12,55,NO,Yes,NO,NO,NO,4.0,2020,2,120000.0,,10637.57558960078,109362.42441039922,True
7983,306016010004,2ee4db1844e242598a9964dbd92bfdaf,OWNED,1.0,,,,,,NO,NO,,NO,15000000.0,120000.0,MONTH,NO,,NO,,,,12,PERMANENT,BURNT BRICKS,,IRON SHEETS,,SMOOTH CEMENT,,4,ELECTRICITY,,CHARCOAL,,NO,,,,,,,,YES,CANDLES,,CHARCOAL,,YES,24.0,NO,Never,12000.0,STRONGLY DISAGREE,SATISFIED,1.0,MONTH,,,,,,NO,,,,3,20000.0,0.0,5000.0,15000.0,PIPED INTO DWELLING,PIPED INTO DWELLING,,,6000.0,99.0,,99,,ALL YEAR AROUND,,YES,OBSERVED FIXED FACILITY OBSERVED (SINK/TAP) IN DWELLING,Water is available,"YES, PRESENT",,Flush to septic tank,,No,,,In own  dwelling,NO,,,,YES WITH SOAP,RUBBISH PIT,,YES,NO,,YES,1.0,NO,,,,NO,,NO,,,,30601601,Southern,Mwanza,RURAL,2019-08-23,76.83657514030001,30601,601,0004,YES,Dwelling found but respondent refused,2,46,YES,Yes,NO,NO,NO,4.0,2019,8,120000.0,,27393.218988175795,92606.7810118242,True
6726,302105220125,1a845f037da84991a0b1121b2dad0fdc,OWNED,1.0,,,,,,NO,NO,,NO,150000.0,3500.0,DAY,NO,,NO,,,,999,SEMI-PERMANENT,BURNT BRICKS,,GRASS,,SMOOTHED MUD,,4,BATTERY/DRY CELL(TORCH),,COLLECTED FIREWOOD,,,,UNFARMED AREAS OF COMMUNITY,,,,,3500.0,NO,,,,,,,,,,,,,,NO,,,,,NO,,,,0,,,,,BOREHOLE,BOREHOLE,,,200.0,5.0,MINUTE,15,MINUTE,ONLY RAINY SEASON,BOREHOLE,NO,,,,,Pit latrine without slab /Open pit,,No,,,In own  dwelling,YES,shared with known households (not public),Number of households (if less than 10),No,YES WITH NO SOAP,RUBBISH PIT,,YES,NO,,NO,,NO,,,,NO,,NO,,,,30210522,Southern,Machinga,RURAL,2019-05-28,426.05094112899997,30210,522,0125,NO,,16,88,YES,Yes,YES,YES,YES,8.0,2019,5,106540.0,,4146.9702895339615,102393.02971046604,True
8226,306206160017,5b7f293beb6c4749b9f99b78c4c3eda6,BEING PURCHASED,1.0,,,,,,NO,"YES, A TITLE DEED",,YES,2000000.0,100000.0,MONTH,NO,,NO,,,,10,PERMANENT,CONCRETE,,IRON SHEETS,,SMOOTH CEMENT,,3,ELECTRICITY,,CHARCOAL,,NO,,,,,,,,YES,CANDLES,,CHARCOAL,,YES,4.0,NO,Never,100000.0,NEUTRAL,VERY SATISFIED,12.0,MONTH,,,,,,NO,,,,4,5000.0,0.0,2000.0,3000.0,PIPED INTO DWELLING,PIPED INTO DWELLING,,,10000.0,10.0,MINUTE,5,MINUTE,ALL YEAR AROUND,,NO,,,,,Flush to piped sewer system,,,,,In own  dwelling,NO,,,,YES WITH SOAP,COLLECTED FROM RUBBISH BIN,,NO,,,YES,2.0,YES,1.0,4.0,,YES,2.0,YES,1.0,,,30620616,Southern,Mwanza,URBAN,2019-05-30,22.4999318045,30620,616,0017,NO,,2,85,NO,Yes,YES,YES,NO,6.0,2019,5,100000.0,,21716.571245483432,78283.42875451657,True
10083,312017320017,56c9f9d211d04118bddf6970bb2e0bb7,OWNED,1.0,2.0,,,,,NO,NO,,NO,500000.0,100000.0,MONTH,NO,,NO,,,,3,SEMI-PERMANENT,BURNT BRICKS,,IRON SHEETS,,SMOOTHED MUD,,3,BATTERY/DRY CELL(TORCH),,COLLECTED FIREWOOD,,,,UNFARMED AREAS OF COMMUNITY,,,,,2000.0,NO,,,,,,,,,,,,,,NO,,,,,NO,,,,1,12000.0,5000.0,0.0,0.0,BOREHOLE,BOREHOLE,,,0.0,5.0,MINUTE,99,,ALL YEAR AROUND,,NO,,,,,Pit latrine with slab,,No,,,In own yard  / plot,NO,,,Yes,NO,RUBBISH PIT,,YES,NO,"YES, FOR ALL CHILDREN UNDER FIVE",NO,,NO,,,,NO,,NO,,,,31201732,Southern,Balaka,RURAL,2020-04-03,388.52370486780006,31201,732,0017,NO,,13,12,YES,Yes,YES,YES,NO,8.0,2020,4,100000.0,,5024.188291436657,94975.81170856334,True
11156,315337990104,debcb50d548a4e389d05dab21158cd68,OWNED,1.0,,,,,,NO,"YES, A TITLE DEED",,YES,25000000.0,100000.0,MONTH,NO,,NO,,,,13,PERMANENT,BURNT BRICKS,,IRON SHEETS,,SMOOTH CEMENT,,3,ELECTRICITY,,CHARCOAL,,NO,,,,,,,,YES,TORCH,,CHARCOAL,,YES,1.0,NO,Never,4000.0,AGREE,SATISFIED,1.0,MONTH,,,,,,NO,,,,4,34000.0,0.0,8300.0,25700.0,PIPED INTO DWELLING,PIPED INTO DWELLING,,,5700.0,1.0,MINUTE,99,,ALL YEAR AROUND,,NO,,,,,Pit latrine without slab /Open pit,,No,,,In own yard  / plot,NO,,,Yes,NO,RUBBISH PIT,,YES,NO,"YES, FOR ALL CHILDREN UNDER FIVE",YES,1.0,NO,,,,NO,,NO,,,,31533799,Southern,Blantyre City,URBAN,2019-08-19,564.3057402642,31533,799,0104,NO,,17,69,YES,Yes,YES,NO,NO,10.0,2019,8,100000.0,,25719.52000572633,74280.47999427367,True
3010,203032890112,b8a99f28c54b4ca19a223a5c511c3df7,OWNED,1.0,2.0,,,,,NO,NO,,NO,800000.0,100000.0,MONTH,NO,,NO,,,,15,SEMI-PERMANENT,BURNT BRICKS,,IRON SHEETS,,SMOOTHED MUD,,3,OTHER(SPECIFY),,COLLECTED FIREWOOD,,,,OWN WOODLOT,,,,,2400.0,NO,,,,,,,,,,,,,,NO,,,,,NO,,,,0,,,,,BOREHOLE,BOREHOLE,,,200.0,1.0,MINUTE,5,MINUTE,ALL YEAR AROUND,,YES,MOBILE OBJECT OBSERVED (BUCKET/JUG/KETTLE),Water is not available,"NO, NOT PRESENT",,Pit latrine without slab /Open pit,,No,,,In own yard  / plot,NO,,,Yes,YES WITH SOAP,RUBBISH PIT,,YES,NO,"YES, FOR ALL CHILDREN UNDER FIVE",NO,,NO,,,,NO,,NO,,,,20303289,Central,Ntchisi,RURAL,2020-03-10,326.131494535,20303,289,0112,NO,,8,44,NO,Yes,NO,NO,NO,7.0,2020,3,100000.0,,3059.157836280766,96940.84216371924,True
10890,314337820324,9903502613c44564b1013e30247975e6,OWNED,1.0,2.0,,,,,NO,"YES, OFFER OF LEASE",,YES,11000000.0,100000.0,MONTH,NO,,NO,,,,2,PERMANENT,BURNT BRICKS,,IRON SHEETS,,SMOOTH CEMENT,,3,ELECTRICITY,,CHARCOAL,,NO,,,,,,,,YES,TORCH,,CHARCOAL,,YES,9.0,YES,Several times a week,9999.0,STRONGLY AGREE,DISSATISFIED,,,,,,,,NO,,,,2,5000.0,0.0,0.0,15000.0,PIPED INTO YARD/PLOT,PIPED INTO YARD/PLOT,,,8000.0,1.0,MINUTE,99,,ALL YEAR AROUND,,YES,OBSERVED FIXED FACILITY OBSERVED (SINK/TAP) IN DWELLING,Water is available,"YES, PRESENT",,Flush to piped sewer system,,,,,In own yard  / plot,NO,,,,YES WITH SOAP,BURNING,,YES,YES,,NO,,NO,,,,NO,,NO,,,,31433782,Southern,Zomba City,URBAN,2019-09-27,80.235489075,31433,782,0324,NO,,7,94,NO,Yes,NO,NO,NO,9.0,2019,9,100000.0,,21659.618455472675,78340.38154452732,True
2027,107402270312,6c007cd28c294ee497e24094f078d920,OWNED,1.0,2.0,,,4.0,,NO,NO,,NO,3000000.0,100000.0,MONTH,NO,,NO,,,,10,PERMANENT,BURNT BRICKS,,IRON SHEETS,,SMOOTH CEMENT,,4,BATTERY/DRY CELL(TORCH),,CHARCOAL,,YES,YES,UNFARMED AREAS OF COMMUNITY,,4.0,HOUR,LESS THAN HALF,1500.0,NO,,,,,,,,,,,,,,YES,CONNECTION/WIRING FEE UNAFFORDABLE,,,,NO,,,,1,5000.0,1000.0,1000.0,3000.0,BOREHOLE,OPEN PUBLIC WELL,,,0.0,99.0,,99,,ONLY DRY SEASON,COMMUNAL STANDPIPE,NO,,,,,Pit latrine with slab,,No,,,In own yard  / plot,NO,,,Yes,NO,NONE,,YES,YES,"YES, FOR ALL CHILDREN UNDER FIVE",YES,1.0,YES,1.0,,,YES,1.0,YES,1.0,,,10740227,North,Mzuzu City,URBAN,2019-06-05,126.94634207500002,10740,227,0312,NO,,4,25,NO,Yes,YES,NO,NO,6.0,2019,6,100000.0,,12186.511627271824,87813.48837272817,True
7303,304025580118,41e505381581423ca1040654ce855409,OWNED,1.0,,,,,,NO,NO,,NO,2000000.0,100000.0,MONTH,NO,,NO,,,,3,SEMI-PERMANENT,BURNT BRICKS,,IRON SHEETS,,SMOOTHED MUD,,4,BATTERY/DRY CELL(TORCH),,CHARCOAL,,YES,YES,UNFARMED AREAS OF COMMUNITY,,5.0,MINUTE,NONE,0.0,NO,,,,,,,,,,,,,,NO,,,,,NO,,,,1,2500.0,400.0,0.0,2000.0,BOREHOLE,BOREHOLE,,,100.0,5.0,MINUTE,5,MINUTE,ALL YEAR AROUND,,NO,,,,,Pit latrine without slab /Open pit,,No,,,In own yard  / plot,YES,shared with known households (not public),Number of households (if less than 10),Yes,YES WITH NO SOAP,NONE,,YES,NO,"YES, FOR ALL CHILDREN UNDER FIVE",NO,,NO,,,,NO,,NO,,,,30402558,Southern,Chiradzulu,RURAL,2020-03-02,285.0301639242,30402,558,0118,NO,,7,5,NO,Yes,YES,NO,NO,10.0,2020,3,100000.0,,5440.422225721342,94559.57777427866,True
10662,313037680192,5f1a138237344a4383242de9a3efbe1a,OWNED,1.0,,,,,,NO,NO,,NO,12000000.0,100000.0,MONTH,NO,,NO,,,,6,PERMANENT,BURNT BRICKS,,IRON SHEETS,,SMOOTH CEMENT,,5,ELECTRICITY,,CHARCOAL,,NO,,,,,,,,YES,TORCH,,CHARCOAL,,YES,52.0,NO,Never,8500.0,STRONGLY AGREE,SATISFIED,1.0,MONTH,,,,,,NO,,,,3,20000.0,0.0,6000.0,14000.0,BOREHOLE,BOREHOLE,,,0.0,2.0,MINUTE,7,MINUTE,ALL YEAR AROUND,,NO,,,,,Pit latrine with slab,,No,,,In own yard  / plot,NO,,,Yes,YES WITH SOAP,RUBBISH PIT,,NO,,,YES,1.0,NO,,,,NO,,NO,,,,31303768,Southern,Neno,RURAL,2020-03-28,212.59789654700003,31303,768,0192,NO,,19,43,YES,Yes,YES,NO,NO,2.0,2020,3,100000.0,,18654.80334433004,81345.19665566996,True
11075,314407940087,ccad183a0bef4c758a243f2131ffaf9f,"FREE, AUTHORIZED",,,,,,,,,,,,100000.0,MONTH,NO,,NO,,,,2,SEMI-PERMANENT,BURNT BRICKS,,IRON SHEETS,,SMOOTH CEMENT,,4,BATTERY/DRY CELL(TORCH),,CHARCOAL,,YES,NO,,,,,,500.0,NO,,,,,,,,,,,,,,YES,DWELLING UNAPPROPRIATE FOR CONNECTION,,,,NO,,,,0,,,,,PIPED TO NEIGHBOR,PIPED TO NEIGHBOR,,,0.0,1.0,MINUTE,5,MINUTE,ALL YEAR AROUND,,NO,,,,,Pit latrine with slab,,No,,,Elsewhere,NO,,,Yes,NO,RUBBISH PIT,,YES,NO,,NO,,NO,,,,NO,,NO,,,,31440794,Southern,Zomba City,URBAN,2020-01-17,53.50781226,31440,794,0087,NO,,7,5,YES,Yes,NO,NO,NO,3.0,2020,1,100000.0,,10916.307442633319,89083.69255736668,True
5533,209104470131,f85157d3d4154aecb0e7181deae2ecaf,OWNED,1.0,,,,,,NO,NO,,NO,2000000.0,100000.0,MONTH,NO,,NO,,,,21,PERMANENT,CONCRETE,,IRON SHEETS,,SMOOTH CEMENT,,4,BATTERY/DRY CELL(TORCH),,PURCHASED FIREWOOD,,,NO,,,,,,2000.0,NO,,,,,,,,,,,,,,NO,,,,,NO,,,,2,0.0,0.0,0.0,2000.0,BOREHOLE,BOREHOLE,,,0.0,1.0,HOUR,15,MINUTE,ALL YEAR AROUND,,YES,MOBILE OBJECT OBSERVED (BUCKET/JUG/KETTLE),Water is available,"YES, PRESENT",,Pit latrine with slab,,No,,,In own yard  / plot,NO,,,Yes,YES WITH SOAP,RUBBISH PIT,,YES,NO,,YES,1.0,YES,1.0,,,NO,,NO,,,,20910447,Central,Ntcheu,RURAL,2019-11-19,479.3454575568,20910,447,0131,NO,,13,62,YES,Yes,YES,NO,NO,2.0,2019,11,100000.0,,6333.148326649069,93666.85167335093,True
6916,303025340076,eeba773657084d6fadc60d74471d6396,OWNED,1.0,,,,,,NO,NO,,NO,50000.0,3000.0,DAY,NO,,NO,,,,9,SEMI-PERMANENT,BURNT BRICKS,,GRASS,,SMOOTHED MUD,,3,BATTERY/DRY CELL(TORCH),,COLLECTED FIREWOOD,,,,UNFARMED AREAS OF COMMUNITY,,,,,2000.0,NO,,,,,,,,,,,,,,NO,,,,,NO,,,,1,2000.0,0.0,0.0,2000.0,BOREHOLE,BOREHOLE,,,0.0,0.0,MINUTE,5,MINUTE,ALL YEAR AROUND,,NO,,,,,Pit latrine with slab,,No,,,In own yard  / plot,NO,,,Yes,NO,RUBBISH PIT,,YES,NO,,NO,,NO,,,,NO,,NO,,,,30302534,Southern,Zomba Non-City,RURAL,2019-12-09,379.59266000159994,30302,534,0076,NO,,7,73,YES,Yes,YES,NO,NO,2.0,2019,12,91320.0,,4007.7814851237235,87312.21851487628,True
9000,308086640179,94c28e2072a2453999df66f9a415d832,OWNED,1.0,2.0,,,,,NO,NO,,NO,30000.0,3000.0,DAY,NO,,NO,,,,0,SEMI-PERMANENT,BURNT BRICKS,,IRON SHEETS,,SMOOTHED MUD,,3,BATTERY/DRY CELL(TORCH),,COLLECTED FIREWOOD,,,,UNFARMED AREAS OF COMMUNITY,,,,,2000.0,NO,,,,,,,,,,,,,,YES,CONNECTION/WIRING FEE UNAFFORDABLE,,,,NO,,,,0,,,,,BOREHOLE,BOREHOLE,,,50.0,2.0,MINUTE,5,MINUTE,ALL YEAR AROUND,,NO,,,,,Pit latrine without slab /Open pit,,No,,,In own yard  / plot,YES,shared with known households (not public),Number of households (if less than 10),Yes,NO,NONE,,YES,YES,,NO,,NO,,,,NO,,NO,,,,30808664,Southern,Mulanje,RURAL,2020-01-15,620.4707824095,30808,664,0179,NO,,9,10,YES,Yes,YES,YES,NO,4.0,2020,1,91320.0,,3067.865778507417,88252.13422149258,True
9792,311047140011,1131b6c6135d49578c996752c07c8728,OWNED,1.0,2.0,,,,,NO,NO,,NO,250000.0,3000.0,DAY,NO,,NO,,,,7,SEMI-PERMANENT,BURNT BRICKS,,GRASS,,SMOOTHED MUD,,4,BATTERY/DRY CELL(TORCH),,COLLECTED FIREWOOD,,,,COMMUNITY WOODLOT,,,,,1000.0,NO,,,,,,,,,,,,,,NO,,,,,NO,,,,0,,,,,RIVER/STREAM,RIVER/STREAM,,,0.0,2.0,MINUTE,10,MINUTE,ALL YEAR AROUND,,NO,,,,,Pit latrine without slab /Open pit,,No,,,In own  dwelling,NO,,,No,NO,RUBBISH PIT,,YES,YES,,NO,,NO,,,,NO,,NO,,,,31104714,Southern,Nsanje,RURAL,2019-05-28,90.99186685499998,31104,714,0011,NO,,1,38,NO,Yes,NO,NO,NO,5.0,2019,5,91320.0,,3130.996615055743,88189.00338494426,True
10339,312077480077,c378bdb82602452093f53729ea533ae6,OWNED,1.0,,,,,,NO,NO,,NO,5500000.0,90000.0,MONTH,NO,,NO,,,,10,PERMANENT,BURNT BRICKS,,IRON SHEETS,,SMOOTH CEMENT,,6,BATTERY/DRY CELL(TORCH),,COLLECTED FIREWOOD,,,,UNFARMED AREAS OF COMMUNITY,,,,,5000.0,NO,,,,,,,,,,,,,,YES,CONNECTION/WIRING FEE UNAFFORDABLE,,,,NO,,,,2,10000.0,3000.0,0.0,7000.0,COMMUNAL STANDPIPE,COMMUNAL STANDPIPE,,,2000.0,6.0,MINUTE,99,,ONLY RAINY SEASON,BOREHOLE,NO,,,,,Pit latrine with slab,,No,,,In own yard  / plot,NO,,,Yes,YES WITH SOAP,RUBBISH PIT,,YES,NO,,NO,,NO,,,,NO,,NO,,,,31207748,Southern,Balaka,RURAL,2020-02-20,292.71204408060004,31207,748,0077,NO,,5,93,YES,Yes,YES,YES,NO,2.0,2020,2,90000.0,,13490.207976609683,76509.79202339031,True
10789,314317760172,b83cd2ec79ef480fae6753eaea699f0f,OWNED,1.0,,,,,,NO,NO,,NO,5000000.0,90000.0,MONTH,NO,,NO,,,,1,PERMANENT,BURNT BRICKS,,IRON SHEETS,,SMOOTH CEMENT,,5,BATTERY/DRY CELL(TORCH),,CHARCOAL,,YES,NO,,,,,,1200.0,NO,,,,,,,,,,,,,,YES,APPLICATION PENDING,,2.0,Month,NO,,,,3,15000.0,0.0,2000.0,10000.0,PIPED INTO DWELLING,PIPED INTO DWELLING,,,10000.0,1.0,MINUTE,99,,ALL YEAR AROUND,,NO,,,,,Pit latrine with slab,,No,,,In own yard  / plot,NO,,,Yes,NO,RUBBISH PIT,,YES,NO,"YES, FOR ALL CHILDREN UNDER FIVE",NO,,YES,1.0,2.0,,YES,3.0,NO,,,,31431776,Southern,Zomba City,URBAN,2019-05-24,77.77211903999999,31431,776,0172,NO,,7,5,NO,Yes,YES,NO,NO,4.0,2019,5,90000.0,,17447.490960054933,72552.50903994507,True
9219,309056780134,131ccc4b37da42b291cb118c9a0c14b6,OWNED,1.0,,,,,,NO,NO,,NO,3500000.0,85000.0,MONTH,NO,,NO,,,,24,SEMI-PERMANENT,MUD (YOMATA),,IRON SHEETS,,SMOOTH CEMENT,,3,BATTERY/DRY CELL(TORCH),,COLLECTED FIREWOOD,,,,UNFARMED AREAS OF COMMUNITY,,,,,2000.0,NO,,,,,,,,,,,,,,NO,,,,,NO,,,,1,650.0,1500.0,0.0,2500.0,BOREHOLE,BOREHOLE,,,0.0,1.0,MINUTE,1,MINUTE,ALL YEAR AROUND,,NO,,,,,Pit latrine without slab /Open pit,,No,,,In own yard  / plot,NO,,,No,NO,RUBBISH PIT,,YES,NO,,NO,,NO,,,,NO,,NO,,,,30905678,Southern,Phalombe,RURAL,2019-06-18,229.92224107159998,30905,678,0134,NO,,9,27,YES,Yes,YES,NO,YES,4.0,2019,6,85000.0,,6026.09293813681,78973.9070618632,True
9200,309046770017,e0d504005ba2482c860643ec48a96ee6,OWNED,1.0,2.0,,,,,NO,"YES, LETTER FROM CHIEF",,YES,24000.0,80000.0,MONTH,NO,,NO,,,,2,SEMI-PERMANENT,BURNT BRICKS,,GRASS,,SMOOTHED MUD,,2,BATTERY/DRY CELL(TORCH),,COLLECTED FIREWOOD,,,,OTHER (SPECIFY),HILLS / MOUNTAINS,,,,1000.0,NO,,,,,,,,,,,,,,NO,,,,,NO,,,,0,,,,,COMMUNAL STANDPIPE,COMMUNAL STANDPIPE,,,0.0,2.0,MINUTE,5,MINUTE,ALL YEAR AROUND,,NO,,,,,Pit latrine without slab /Open pit,,No,,,In own yard  / plot,NO,,,Yes,NO,NONE,,YES,YES,"YES, FOR ALL CHILDREN UNDER FIVE",NO,,NO,,,,NO,,NO,,,,30904677,Southern,Phalombe,RURAL,2020-03-25,293.2268219496,30904,677,0017,NO,,9,20,YES,Yes,NO,NO,NO,3.0,2020,3,80000.0,,3393.8787937264738,76606.12120627353,True
2464,201232550005,4d9ede8da00a456f8f103291d6bea77a,OWNED,1.0,,,,,,NO,NO,,NO,3500000.0,80000.0,MONTH,NO,,NO,,,,5,SEMI-PERMANENT,BURNT BRICKS,,GRASS,,SMOOTHED MUD,,5,BATTERY/DRY CELL(TORCH),,COLLECTED FIREWOOD,,,,UNFARMED AREAS OF COMMUNITY,,,,,2000.0,NO,,,,,,,,,,,,,,NO,,,,,NO,,,,1,3000.0,0.0,0.0,3000.0,OPEN PUBLIC WELL,OPEN PUBLIC WELL,,,0.0,4.0,MINUTE,10,MINUTE,ALL YEAR AROUND,,NO,,,,,Pit latrine without slab /Open pit,,No,,,In own yard  / plot,NO,,,Yes,NO,RUBBISH PIT,,YES,NO,"YES, FOR ALL CHILDREN UNDER FIVE",YES,1.0,YES,1.0,,,NO,,NO,,,,20123255,Central,Kasungu,RURAL,2020-02-29,490.4693418695,20123,255,0005,NO,,11,11,NO,Yes,NO,YES,NO,11.0,2020,2,80000.0,,3244.265278810028,76755.73472118998,True
4641,207023910307,e8903f71dd8046c79dcde0bcba2e3f86,OWNED,1.0,2.0,,,,,NO,NO,,NO,300000.0,80000.0,MONTH,NO,,NO,,,,4,TRADITIONAL,MUD BRICK(UNFIRED),,GRASS,,SMOOTHED MUD,,2,BATTERY/DRY CELL(TORCH),,COLLECTED FIREWOOD,,,,COMMUNITY WOODLOT,,,,,1000.0,NO,,,,,,,,,,,,,,NO,,,,,NO,,,,0,,,,,OPEN PUBLIC WELL,OPEN PUBLIC WELL,,,0.0,10.0,MINUTE,10,MINUTE,ALL YEAR AROUND,,NO,,,,,Pit latrine without slab /Open pit,,No,,,In own yard  / plot,YES,shared with known households (not public),Number of households (if less than 10),Yes,NO,PUBLIC RUBBISH HEAP,,YES,NO,"YES, FOR ALL CHILDREN UNDER FIVE",NO,,NO,,,,NO,,NO,,,,20702391,Central,Mchinji,RURAL,2019-05-15,387.9212313141,20702,391,0307,NO,,11,44,YES,Yes,NO,NO,NO,7.0,2019,5,80000.0,,2592.711859616733,77407.28814038327,True
2551,201272600111,2d25f7de4a204dba96f5d99954766d07,OWNED,1.0,2.0,,,,,NO,NO,,NO,350000.0,2500.0,DAY,NO,,NO,,,,1,SEMI-PERMANENT,BURNT BRICKS,,GRASS,,SMOOTHED MUD,,3,BATTERY/DRY CELL(TORCH),,COLLECTED FIREWOOD,,,,UNFARMED AREAS OF COMMUNITY,,,,,1500.0,NO,,,,,,,,,,,,,,NO,,,,,NO,,,,0,,,,,BOREHOLE,BOREHOLE,,,300.0,15.0,MINUTE,5,MINUTE,ALL YEAR AROUND,,NO,,,,,Pit latrine without slab /Open pit,,No,,,In own yard  / plot,NO,,,No,NO,RUBBISH PIT,,YES,ALL NETS TREATED &amp; LESS THAN 6 MONTHS OLD,"YES, FOR ALL CHILDREN UNDER FIVE",YES,2.0,NO,,,,YES,2.0,NO,,,,20127260,Central,Kasungu,RURAL,2019-07-19,410.214821562,20127,260,0111,NO,,3,51,NO,Yes,NO,NO,NO,6.0,2019,7,76100.0,,1652.5190053090532,74447.48099469095,True
